id,text,author,likes,reposts,query,label,source
at://did:plc:svxn6sac4ljpihj22co2ozdj/app.bsky.feed.post/3mkplq24rok24,"Coup de mou chez les soutiens de Villepin après les révélations de Complément d’enquête sur ses cadeaux africains. « C’est fini pour lui », soupire un élu qui faisait une campagne discrète pour Galouzeau en vue de 2027. Ce dernier crie au « complot » en visant le clan Sarkozy…. #Off",nilswilcke.bsky.social,13,4,complot,,bluesky_real
at://did:plc:khxqcmhq4qojtzleqovtvnxn/app.bsky.feed.post/3mkpjh7urvk2x,Wist je dat de grote natuurbrand op de Veluwe een complot is van het WEF om 15 minute city’s door te drukken?,dietukkerfries.bsky.social,7,0,complot,,bluesky_real
at://did:plc:udtyirn3eiepwewrbfulhx7c/app.bsky.feed.post/3mkpifijxpk2p,"La ""pédophilie ordinaire"", sans vaste complot, sans médias internationaux pour en parler, sans ""étranger""...

www.lemonde.fr/societe/article/2026/04/29/dans-le-village-de-lucenay-les-viols-filmes-d-un-pere-de-famille-aux-34-victimes-agees-de-3-a-9-ans_6684304_3224.html",postmonetaire.bsky.social,0,0,complot,,bluesky_real
at://did:plc:7xouhugeinr6g4tdmi5d6axe/app.bsky.feed.post/3mkphvdaaxk2h,"Avant de chercher le complot, demandez-vous plutôt pourquoi un ministre accepterait un cadeau alors que ceux-ci doivent être impérativement déclarés et remis au mobilier national…

Quand j’étais chef de projet en Chine, on m’a fait un cadeau (à la fin du projet) d’une valeur d’environ 500€...",xiongmao100.bsky.social,0,0,complot,,bluesky_real
at://did:plc:t4wnsbfibuejgxod4awclbxq/app.bsky.feed.post/3mkpg7hxdbc2t,Se creen que hay un complot de borrado lésbico detrás de estos fan arts y no que simplemente les ha parecido interesante dibujarla en vestido igual que mucha gente dibuja a Caitlyn en traje y no se monta el mismo pollo 😭,badwolf48f.bsky.social,1,0,complot,,bluesky_real
at://did:plc:mqhe6vldpblymgev5lugfkcz/app.bsky.feed.post/3mkp4tjlujq2v,"📰 SOURCE : BBC Europe
📌 Madagascar arrête un ressortissant français pour complot présumé visant à attiser les troubles

📅 Parution (Flux) : Wed, 29 Apr 2026 17:03:16 GMT
🌍 Parution (Paris) : 30/04/2026 à 09h48mn56s
📤 Transfert vers Telegram : 30/04/2026 à 09h48mn56s

Les procureurs",ivaninfos.bsky.social,0,0,complot,,bluesky_real
at://did:plc:ks5blbkee4xkrdvxzq2rta35/app.bsky.feed.post/3mkovpd6woy2g,"📸 Un complot effrayant? Vérifiez-le vous-même en consultant le rapport original.

#revelation #verite #complot #awake #insolite
",fraish00x.bsky.social,0,0,complot,,bluesky_real
at://did:plc:ks5blbkee4xkrdvxzq2rta35/app.bsky.feed.post/3mkotojkn6f2a,"📸 Un complot effrayant? Vérifiez-le vous-même en consultant le rapport original.

#revelation #verite #complot #awake #insolite
",fraish00x.bsky.social,0,0,complot,,bluesky_real
at://did:plc:ks5blbkee4xkrdvxzq2rta35/app.bsky.feed.post/3mkoomzxc6s27,"📸 Quand la santé devient une affaire de milliards… Vérifiez par vous-même. 💊

#revelation #verite #complot #awake #insolite",fraish00x.bsky.social,0,0,complot,,bluesky_real
at://did:plc:nyu5atwhevkymja4aam2fbyj/app.bsky.feed.post/3mko65ej3qs2x,"L'acharnement de @lexpress.fr et de son ""journaliste science"" contre les patients est d'autant plus grave que les ""experts"" promus vantent des pratiques dangereuses pour la santé des patients (rééducation à l'effort ou du cerveau) voire à dérives sectaires (TCC, méditation pleine conscience),
12",themis2023.bsky.social,9,2,complot,,bluesky_real
at://did:plc:lbtck77v65yqauc3wsejipmk/app.bsky.feed.post/3mknzv6favs2o,"Le mentalité des ""régler des problèmes"" en mode ""gestion de pénurie"" (ici en plus avec en implicite un pacte raciste) est quoi qu'il arrive une pente réactionnaire. Vous pouvez essayer d’enrober ça de tous les types de sucres que vous voudrez, plaider le complot zinzinsoumis, ça ne changera rien.",rhadamante.bsky.social,0,0,complot,,bluesky_real
at://did:plc:od63zf6zb5txmue45odvg6ns/app.bsky.feed.post/3mknz6fttmc2d,"Du coup il serait pas hostile à d'autres formes d'immigration ?Comme d'hab quand on est pas d'accord avec  Ruffin, roussel ou le ps, c'est forcément un complot insoumis ... N'importe quoi libé",voidhd.eurosky.social,4,0,complot,,bluesky_real
at://did:plc:vplywlfogsn6ccqx7tc6xlj7/app.bsky.feed.post/3mknyfzzjjk2e,"Un article passionnant sur la fraction MAGA anti-Israël, et sur Tucher Carlson en particulier, qui se nourrit d'un antisémitisme renouvelé qui désigne les juifs comme acteur d'un complot visant à ce que musulmans et occidentaux se détruisent mutuellement. Merci à GRK pour le partage de ce texte.",democrypte.bsky.social,1,0,complot,,bluesky_real
at://did:plc:rhdramrdlpskeewavbzvwsiz/app.bsky.feed.post/3mknwjdvmtv2x,Man bekent schuld aan complot tegen Taylor Swift #TaylorSwift #BeranA #complot #concerten #aanslag,newsmonkey.bsky.social,0,0,complot,,bluesky_real
at://did:plc:yc6nwim6oygcx3pvz7crwc3k/app.bsky.feed.post/3mknpypnkok25,"BOTD Jean Rochefort!!!
MCCT5 (from 100+ roles): 5)Le Complot (Gainville) 4)Man on the Train (Leconte) 3)Tell No One (Canet) 2)Innocents with Dirty Hands (Chabrol) 1)The Clockmaker (Tavernier)
More:
Nancy Tartaglione: deadline.com/2017/10/jean...
Ronald Bergan: www.theguardian.com/film/2017/oc...",midcenturycinema.bsky.social,9,1,complot,,bluesky_real
at://did:plc:cmswjtwuo37uwuz2pjlwo46b/app.bsky.feed.post/3mknn42zehc2u,"Oei een groot complot! Beste mevrouw Pronk, u zit nog muurvast in het calvinistische geloof ‘hel en verdoemenis en zelfkastijding’ sorry ik ga in deze onzin niet mee! En wetenschap kun je niet ontkennen, wel onzin door charlatans verkondigt.",theoutsider59.bsky.social,0,0,complot,,bluesky_real
at://did:plc:4nmjwfgsu7ccsjqs5cc2hkw3/app.bsky.feed.post/3mknlexamws2r,"Mooie gelegenheid om extra defensie ruimte te creëren. Met alle ""complot "" theorieën die waarheid worden/zijn geworden, zou het mij niks verbazen. Er gebeurt zoveel in ""die wereld (regeringen, cia, mossad enz. "" waar wij als burgers geen weet van hebben.",hello-it-is-me.bsky.social,0,0,complot,,bluesky_real
at://did:plc:c4phkmdz3bhia4r5ncn4oxqv/app.bsky.feed.post/3mknk24lnek23,"« Cette décision d'enquêter sur les liens possibles entre ces disparitions et morts intervient après de nombreuses théories du complot diffusées sur les réseaux sociaux liant les décès. »

www.lexpress.fr/monde/ameriq...",grandlabo.com,1,0,complot,,bluesky_real
at://did:plc:c5bzai5qaqs4aeh23ywoqpzf/app.bsky.feed.post/3mknj4exqak2g,"Eerlijk gezegd (Wijdemeren, 75 km van de brand) kreeg ik het idee dat het niet alleen rookdeeltjes waren van hout en hei. Rare scherpe lucht. Maar ik wil niet wapperig overkomen. Een complot is zo gesmeed.",blauwelucht64.bsky.social,1,0,complot,,bluesky_real
at://did:plc:y65q4n3gjiasv5xs5b6v65cm/app.bsky.feed.post/3mknhi3e4x22a,"Cette entrevue de Plamondon à Radio X est une suite ininterrompue de victimisation pleurnichade, de menteries éhontées, d'exagérations grossières, de fantasmes de complot et de pure stupidité. Merci à @sharper.bsky.social de faire sa sa part pour rétablir les faits.",montrealantifa.bsky.social,8,1,complot,,bluesky_real
at://did:plc:5mnusgsryvlqre4rfdbsgimz/app.bsky.feed.post/3mknfw7ypgs24,Le fameux complot,penombregoyette.bsky.social,0,0,complot,,bluesky_real
at://did:plc:iepyfmc7yhwwgbgeu4vc3vcx/app.bsky.feed.post/3mknezgzuzs2m,"A-t-on le droit de parler de complot...
Hein?

De complot contre l'humanité?

Quand Trump fait sa publicité mondiale dans les 48heures après la sortie de l'étude aux statistiques bidon du Docteur Raoult?

Je pose la question: car c'est mon point de vue",stphrolland.bsky.social,0,0,complot,,bluesky_real
at://did:plc:ywy2lxtfdki4yg6fqmfev7vl/app.bsky.feed.post/3mknej7zdi642,"""Stiefbroer Tupac sleept moordverdachte voor rechter en spreekt van groter complot"" via NU.nl
https://www.nu.nl/muziek/6394161/stiefbroer-tupac-sleept-moordverdachte-voor-rechter-en-spreekt-van-groter-complot.html
#nieuws #nu.nl",nieuws.mastodon.nl.ap.brid.gy,0,0,complot,,bluesky_real
at://did:plc:toz4no26o2x4vsbum7cp4bxp/app.bsky.feed.post/3mknfeysmb62d,"Stiefbroer Tupac sleept moordverdachte voor rechter en spreekt van groter complot

De stiefbroer van Tupac Shakur heeft een civiele rechtszaak aangespannen tegen Duane Keith Davis en anderen die betrokken zouden zijn bij de moord op de rapper. Volgens hem wijzen nieuwe ontwikkelingen op een...",news-flows-nl.bsky.social,0,0,complot,,bluesky_real
at://did:plc:ovftxbmtvva5ivdfqj7zgypf/app.bsky.feed.post/3mkne6jbjoc2w,"El Perro estaba en el complot para matar a Kennedy, que se lo dijo un calcetín de tenis.",fielperropatan.bsky.social,0,0,complot,,bluesky_real
at://did:plc:v4p3waafvu4hbtd3wl7znxia/app.bsky.feed.post/3mknb2iexsk2k,"Je sais qu'il y a la théorie du complot que ce genre de trends c'est pour piquer les infos personnelles des gens/questions de sécurité pour l'accès à des comptes

Mais là c'est tellement pas caché que j'avoue que j'y crois un peu-",lu-jade.bsky.social,1,0,complot,,bluesky_real
at://did:plc:plel36ef4ujmppvhfnktwfgp/app.bsky.feed.post/3mkn4czp3vk2y,"Porque si la ropa fuera para esos cuerpos (complot, por ej, que viste pibas de 45 kg) no se notaría tanto. Pero parecen todas nenas disfrazadas con la ropa de la mamá.",julilandia.bsky.social,3,0,complot,,bluesky_real
at://did:plc:7a7kbzjmehn5dolxln45be7x/app.bsky.feed.post/3mkn2skghvk2m,"Het is een complot.
Kwartier terug brand.",tx51.bsky.social,0,0,complot,,bluesky_real
at://did:plc:4jhtx5ka2wruppzsn6evfrvq/app.bsky.feed.post/3mkmyuujpgs2d,mais est-ce aussi lui derrière le COMPLOT DU POULET à Saint Ouen ?,lhaulde.com,3,0,complot,,bluesky_real
at://did:plc:rj73i6a4s4naxaletas2d5rk/app.bsky.feed.post/3mkmvuk2jdk2u,Smerig complot-vod,gerardvandertoolen.bsky.social,1,1,complot,,bluesky_real
at://did:plc:oxjhab7yyongzoblopqvzslb/app.bsky.feed.post/3mkmu7qdlsk2z,"👉Sachoir sauvage : Animal argneux improductif complotiste et méfiant, habitat : Tout endroit numérique où il peut pousser ses cris "" Sé la véritay, complot, on nous cache le sachoir, la terre est plate, on a jamais été sur la lune, les chemtrails..."" Veut mordre tout ceux qui ne sont pas d'accord 😂",lecourtolivier.bsky.social,6,3,complot,,bluesky_real
at://did:plc:aaoj4hnnh3ubdhalifqewsno/app.bsky.feed.post/3mkms3drots24,"L'Ecole face aux complotismes : un numéro intéressant de la revue REE : À l’école de l’incertitude : théories du complot et autres conflits  de vérités en Belgique, en France,  en Suisse et au Québec journals.openedition.org/ree/14150",fjarraud.bsky.social,2,1,complot,,bluesky_real
at://did:plc:rhut2z3hyqgkt7ymppxyk53x/app.bsky.feed.post/3mkmowymggc24,Ma théorie du complot perso c'est que c'est Ruffin lui-même qui gère les 3 comptes de ruffinistes ici,madamemena.cryptoanarchy.network,21,3,complot,,bluesky_real
at://did:plc:zk724dj6dhggrtdvyufv5dc5/app.bsky.feed.post/3mkmmkkjnpv2i,"L'heure de pointe du complot : quand la désinformation devient un spectacle viral

❓ Comment les algorithmes propagent-ils les complots ?
❓ Comment les complotistes ciblent-ils la Gen Z ?
❓ Comment sont monétisées les théories du complot ?

#newsbias #falseflag #socialmedia",francejeunes.bsky.social,0,0,complot,,bluesky_real
at://did:plc:brz2lyccen7emyz65eb3fomt/app.bsky.feed.post/3mkmhynhzzs2f,Oui mais lui c'est pas foutu pareil : il est blanc et de droite (variante extrême) alors il peut le faire sans qu'on ait le droit de rien lui dire sinon c'est un complot médiatico-judiciaire islamo-gauchiste ou judéo-maçonnico-bolshévique.,hermiteix.bsky.social,1,0,complot,,bluesky_real
at://did:plc:a5eagqq4ohdarhmrceyhkj7f/app.bsky.feed.post/3mkmhxp2qsh25,"Peut-on croire l'administration Trump et les versions de la police ou des services secrets? Aux Etats-Unis, les théories du complot fleurissent à propos des tentatives d'attentats contre le président. Surtout après celle du dîner des correspondants, à Washington.",blickmedia.bsky.social,0,0,complot,,bluesky_real
at://did:plc:ujcfuunnifiu3jwuf3vek6ee/app.bsky.feed.post/3mkmcwwax7h2b,"Les tirs au gala de la presse ravivent des théories du complot sur Donald Trump
🗞️ Le Monde.fr - 🕐 28/04 18:42
#actu #news #presse #lemonde.fr",actusfr.bsky.social,0,0,complot,,bluesky_real
at://did:plc:hxld7dzr4q2xyezigkb4ln5f/app.bsky.feed.post/3mklu246xg22c,"Los líderes traman matar a Jesús por miedo a perder poder. Caifás profetiza sin saberlo: uno morirá por el pueblo. El complot humano termina sirviendo al plan divino de redención. (Juan 11:47–57)
#PlanDivino #Juan11 #Redención #FeEnCristo #EvangelioDeJuan",manuellopezlira.bsky.social,0,0,complot,,bluesky_real
at://did:plc:4xncgz4enrki7iujgjwaowng/app.bsky.feed.post/3mklnvdvn322w,"Je me souviens d'un témoignage qui avait tourné il y a un an ou 2. Une MJ qui avait inversé les genres dans un scénar de donj classique : ça donnait que des PNJ féminins à chaque rencontre. Et du coup, son groupe (que des mecs je crois) a commencé à soupçonner que c'était un scénar à complot.",yveszavaletab.bsky.social,2,0,complot,,bluesky_real
at://did:plc:pfvzb6km3kbg22ih5dm6j7rp/app.bsky.feed.post/3mkljku76ou2k,Quand les tirs au gala de la presse ravivent des théories du complot sur Trump,mediasfr.skyfleet.blue,1,0,complot,,bluesky_real
at://did:plc:ruo5fokpi6fgjkdpokdfy23j/app.bsky.feed.post/3mklf5xg2i22s,"En vrai je me demande si le coup de pointer les liens d'Alloncle avec le RN c'est pas un moyen pour mettre l'ingérence de Bolloré sous le tapis ni vue ni connue
(hypothèse du complot un peu mais c'est soit ça soit Patrier-Leitus pense que ça peut passer de nous prendre à se point pour des cons)",smoothiefugero.bsky.social,2,0,complot,,bluesky_real
at://did:plc:kvqrjbmht5v7ftg2iqdhadqg/app.bsky.feed.post/3mklea64duc2t,"Gossip Girl episode 46283627 : un personnage perce à jour le complot d'un autre car il était justement derrière la porte pile au moment où le complot était révélé !! COMME LA SEMAINE DERNIÈRE, LA VEILLE, HIER, LE MATIN MATIN ET IL Y A UNE DEMI-JOURNÉE DE CELA !!",mnfrankenstein.bsky.social,0,0,complot,,bluesky_real
at://did:plc:3mdzqyq46gh5yjayvofzwqdr/app.bsky.feed.post/3mklcilkbuc2q,es un complot organizado con el objetivo de cargarse personajes masculinos que considero bien construidos!,irllegando.bsky.social,1,0,complot,,bluesky_real
at://did:plc:mu2xvgp2a3l3bpqza6kwl2ps/app.bsky.feed.post/3mklc3waznv2x,"Lituania dice que frustró un complot internacional para matar a dos activistas

https://despertarmatinal.com/lituania-dice-que-frustro-un-complot-internacional-para-matar-a-dos-activistas/

#AméricaLatina #Mundo

No te pierdas las noticias → síguenos en Bluesky",despertarmatinal.bsky.social,1,0,complot,,bluesky_real
at://did:plc:uygbyjeachtjflbcrs5fhwir/app.bsky.feed.post/3mklawfu6gp2d,"Le FBI et le HHS-OIG ont enquêté, et le DOJ a indiqué que Morens encourt jusqu’à 5 ans pour le chef de complot, jusqu’à 20 ans pour chacun des chefs de falsification de documents, et jusqu’à 3 ans pour chacun des chefs de dissimulation, en cas de condamnation.",market-ocean-fr.bsky.social,0,0,complot,,bluesky_real
at://did:plc:uygbyjeachtjflbcrs5fhwir/app.bsky.feed.post/3mklavsbt5c2t,"Le DOJ a indiqué que les chefs d’accusation comprennent le complot contre les États-Unis, la destruction ou la falsification de documents, la dissimulation de documents et la complicité.",market-ocean-fr.bsky.social,0,0,complot,,bluesky_real
at://did:plc:y7obtapyir5eykn5qjvyzhdh/app.bsky.feed.post/3mkl6eilsh22x,"Mais non !
C'est évident que c'est un complot de Gorgom !",boycuriousboy.bsky.social,1,0,complot,,bluesky_real
at://did:plc:pfvzb6km3kbg22ih5dm6j7rp/app.bsky.feed.post/3mkl6dkh5gl2p,Les tirs au gala de la presse ravivent des théories du complot sur Donald Trump,mediasfr.skyfleet.blue,0,0,complot,,bluesky_real
at://did:plc:u7gw42mk25q54nj2baaza5vp/app.bsky.feed.post/3mkl5lmoa3c2t,"Après avoir lu "" Le Problème à trois corps "" (j'ai ADORÉ cette saga), je sais reconnaître un complot extra-terrestre quand j'en vois un !

A MOI ON ME LA FAIT PAS !",pyg.enchenia.com,11,0,complot,,bluesky_real
at://did:plc:iriguxga3a3ngc4ezfk56knk/app.bsky.feed.post/3mkpmrsh3ok2y,"This latest version of the ""it was a false flag"" conspiracy is just as idiotic as any of its predecessors. In some ways more so: the news agenda has already moved on. Trump had almost no bounce from it. The attack was *incredibly* underwhelming. Why fake it in such a nothingburger way?",jamesrball.com,1,0,fake news,,bluesky_real
at://did:plc:qp6dyy3eqes4lxepsqfgll6v/app.bsky.feed.post/3mkpmj4ab2k2o,"were interfering into every decision and misguidance.

You will then have the answer in front if you like you have know, which i proved in the last month that see those who were speaking, didn’t came forward. 

So they are all fake news.",gauravsablok.bsky.social,0,0,fake news,,bluesky_real
at://did:plc:jey4l53nlpuiy2g5afrxxlbo/app.bsky.feed.post/3mkpmgtc5nk2e,"Esto era Fake News, HEmO SiDo EnGAÑadoS",avatonka.bsky.social,2,0,fake news,,bluesky_real
at://did:plc:6ypf3h3hkluvw7eulqvbydkc/app.bsky.feed.post/3mkpmalt5ye2c,Real traders don't chase pumps. They watch the quiet money leave first. The US UAE and China just shut down nine crypto scam hubs. Billions got frozen while amateurs panicked over fake charts. Pros moved capital into clean plays before the news dropped. The signal they used is the s #crypto #trading,a3eecosystem.bsky.social,0,0,fake news,,bluesky_real
at://did:plc:b2kdumfgkqzhj5bvtbcwihnx/app.bsky.feed.post/3mkplxtye3c2v,"“When Actors Did the News
Time Magazine and their ad agencies re-enacted events and people, fake accents and all. But their news show wasn't a parody.”
 
#radio 
#journalism 

continuous-wave.beehiiv.com/p/when-actor...",samlitzinger.bsky.social,0,0,fake news,,bluesky_real
at://did:plc:n6ybmngmohwivlhrvtcnixow/app.bsky.feed.post/3mkpln522ds27,"""At Trump's request,putin described the situation at the front...""

""Both putin and trump expressed essentially similar assessments of the behavior of the Kyiv regime led by Zelensky, which, incited and with the support of the Europeans, is pursuing a policy of prolonging the conflict.""

*FAKE NEWS*",sig321.bsky.social,0,0,fake news,,bluesky_real
at://did:plc:66xt4bslvtyzenxpcxo44evr/app.bsky.feed.post/3mkpl777pv22h,me cascando de rir lembrando do jaehwan compartilhando aquela provável fake news de que o jinyoung saiu do cix pq tava sofrendo bullying dos outros membros. obrigada fixs por resgatarem essa pérola em meio a tanta desgraça.,idealofidol.bsky.social,0,0,fake news,,bluesky_real
at://did:plc:73454a6l6jg3levcruojs755/app.bsky.feed.post/3mkpkkbjbhs2g,"More fake news - from @labourlist.bsky.social ?
Mind you, they faked a Daily Fail article so no-one with a brain would believe it anyway...
Surely an own goal?
fullfact.org/politics/fak...",jacky3344.bsky.social,0,0,fake news,,bluesky_real
at://did:plc:pcz5gfzvtu3xnhs2kobh4t3v/app.bsky.feed.post/3mkpkeakxds2q,"In 2016, Trump said he was going to hold a press confrence ""in a few weeks"" to address the concerns about Melania's immigration status.

He said the timing would allow the fake news to look like fools when he finally revealed all.

That was 𝟭𝟬 years ago.

He NEVER held that presser.

WHY NOT?",fuskmuck4ever.bsky.social,0,0,fake news,,bluesky_real
at://did:plc:267xk5nacakokgovxfloxbec/app.bsky.feed.post/3mkpkd37z2s25,"It's all FAKE ""news"", so ignore the Rx, er sorry, Russian military bloggers. Nothing is real. That drone headed right for ya, front-liner FAKER, is a fake. It's just a Chernobyl-driven mutation resulting in a bird, wasp combination. But that's fake, too. La la laaaa... Fake faker fake la la la.....💥",oldyoungfart.bsky.social,0,0,fake news,,bluesky_real
at://did:plc:qiof4ydv7xd2ycv7vlvoodlb/app.bsky.feed.post/3mkpjwoc5422g,Fake news,jumaikan.bsky.social,0,0,fake news,,bluesky_real
at://did:plc:aj5uo6lmdranooorsbls6xly/app.bsky.feed.post/3mkpjj565l22x,"“Ukraine, militarily, they're defeated. You wouldn't know that by reading the fake news.""

—Donald Trump yesterday in the Oval Office",refrankel.bsky.social,1,1,fake news,,bluesky_real
at://did:plc:hnxioxs4qik2qsi6w2xzdejo/app.bsky.feed.post/3mkpjd5pop224,"Neeeeeej 😲
Var det OGSÅ fake news? 😭",dortehummelshoj.bsky.social,1,0,fake news,,bluesky_real
at://did:plc:2agsik7x4r4ndi2lpnppjk2w/app.bsky.feed.post/3mkpj6fh5sc2a,I actually don’t know if these are genuine or not. So much fake AI news everywhere these days.,crbeaujolais.bsky.social,1,0,fake news,,bluesky_real
at://did:plc:3gkm7bbxmijxgmyfqmbbczsa/app.bsky.feed.post/3mkpj44i44k2f,"""You think it's just a movie on silver screen
And they're all actors and fake old scenes
Maybe you don't care who's gonna lose or win
Listen to this and I'll tell you somethin'

It's a horror movie right there on my TV

It's the 6:30 news!""

#RevolutionRadio Added

music.youtube.com/watch?v=CtOv...",alangnixon.bsky.social,4,1,fake news,,bluesky_real
at://did:plc:vjnrgbes5dgix64hxyu65wie/app.bsky.feed.post/3mkpiloyua22y,"Oh big news! I started my apprenticeship a month back 👀 Here's some insight into what I've been doing... 
#Tattoo #GlasgowTattoo #Glasgowtattooist #TattooApprentice #TattooDesign #Scotland Dm me if you want cheap apprentice tats 👀",phiastats.bsky.social,1,0,fake news,,bluesky_real
at://did:plc:42fzh2r7dsfrc6ja6p5hkm3l/app.bsky.feed.post/3mkpigs2t5k24,"Trump: ""I think Ukraine, militarily, they are defeated. You wouldn’t know that by reading the fake news. There are 159 ships – every ship is right now underwater,""
 www.independent.co.uk/news/world/a...",d-knight2124.bsky.social,0,0,fake news,,bluesky_real
at://did:plc:f4pmajnz3elx4tdisy6gmpve/app.bsky.feed.post/3mkphzjmei22m,"Did anyone else read Malcolm Gladwell's Outliers? Remember that guy Christopher Langan he glazed so hard for having an IQ ""off the charts""? Deeply funny(?) that Langan would later say this regarding his pet theory, the Cognitive-Theoretic Model of the Universe.",uberwensch.bsky.social,5,2,fake news,,bluesky_real
at://did:plc:isj2cic5ysyohlrzra4z4zz7/app.bsky.feed.post/3mkphvzxu622l,i saw a post implying that someone thought the Christine speech sampled in Fake News was the real thing and now I have a horrible back of my mind thought that the song only became famous because people shared it thinking it used the real audio :|,schizo.horse,0,0,fake news,,bluesky_real
at://did:plc:7e3ylvwpqcccfn7yd72jlaha/app.bsky.feed.post/3mkpht2l2pk2x,The King of Fake News surrounded himself with the producers of fake news! It just so happens they don’t mind pedophilia! I mean Trump did want Gaetz as his AG! Figure that out from the standpoint of a guy with a the brain of a minion!,passtheseed.bsky.social,1,0,fake news,,bluesky_real
at://did:plc:msian4dqa2rqalf3biilnf3m/app.bsky.feed.post/3mkphnyr5zn2o,"How a father and daughter duped NYC’s art world with fake Warhols and Banksys : NPR

https://www.europesays.com/news/22575/

A suspected forgery of an Andrew Wyeth painting is seen at RoGallery in New York, Tuesday, April 28,…",europesays.bsky.social,0,0,fake news,,bluesky_real
at://did:plc:426g3z7oywz6nmgpb6zpe3ja/app.bsky.feed.post/3mkphcwzqnk2w,"There was a (MUCH worse!) COUNTER-INTELLIGENCE investigation going on against DJT that FBI Jim failed to mention...and espionage questions that were (still) never answered. DJT said ""fake news"" and the media stood  down. I cared MUCH more about that than Anthony Wiener's man-junk",timbear3000.bsky.social,1,0,fake news,,bluesky_real
at://did:plc:7e3ylvwpqcccfn7yd72jlaha/app.bsky.feed.post/3mkpgyghgb22x,"Obama administration slowed the drugs from coming across the border. Trump administration and the drug trafficking trade of Republicans. Iran contra affairs with Jeffery, Ghislaine, Robert Maxwell & Israel! Trump is FAKE NEWS! 
rockinst.org/blog/the-sec...",passtheseed.bsky.social,0,0,fake news,,bluesky_real
at://did:plc:3lieybvoimi4hr4dpt4gpybe/app.bsky.feed.post/3mkpgazlbps2d,"this feels like an appropriate time to remind everybody about the fake Tamsyn Muir who was going around for a while, who kept opening posts and emails with shit like HARK! THE BONE-WHITE DOOR IS NOW UNSEALED! I ARRIVE UNTO THEE WITH NEWS.",understatesmen.bsky.social,16,4,fake news,,bluesky_real
at://did:plc:esaqqktfbhwn6lekqz5ic2sa/app.bsky.feed.post/3mkpffaamxk2s,"🎭 🇺🇸 Avaler la propagande russe et la recracher en direct, c'est fait. Pour #Trump, l'Ukraine est militairement battue et tout le reste n'est que fake news. Il excuse même #Poutine dans la foulée. Le Bureau Ovale est officiellement une annexe de #Moscou !",khristy.bsky.social,6,1,fake news,,bluesky_real
at://did:plc:hoqnbmciruac2d4twa4qzpyg/app.bsky.feed.post/3mkpf5r7cnc2l,😅🤣😂 hilarious but quite serious.... This is what we're missing.... Open the Straight ⚒️ Fake News Fake Tweet so your boys can make 💰off the demise of lives. This jingle should be everywhere. This is my 2nd fav.,themajorityvoters.bsky.social,0,0,fake news,,bluesky_real
at://did:plc:ybzsgya3dhihegktmudnobvs/app.bsky.feed.post/3mkpeucffik2n,"He, like his idol Trump, doesn't give a toss. He'll just brush it off as ""fake news"" and ""I never said that"" and his idiot supporters will deny it to their last breath",lillieg.bsky.social,5,1,fake news,,bluesky_real
at://did:plc:nvgrbqxpr644rie2uf7jip6x/app.bsky.feed.post/3mkperllxks2h,"#Scotland votes in 7 days. We asked Scots how worried they are about deepfakes, AI fake news & dark money in the election. Turns out: very. New blog post from @scotvoting.bsky.social 👇
scottishelections.ac.uk/2026/04/30/fake-news-real-concern-deepfakes-ai-and-scotlands-election/",cjcarman.bsky.social,0,1,fake news,,bluesky_real
at://did:plc:famxw3vhsquhuevp5uxra726/app.bsky.feed.post/3mkpec2nok32o,"KI-Fake-News: Wenn Maschinen Falschmeldungen schreiben

https://www.mimikama.org/ki-fake-news-uebersicht/",mimikama.org,10,5,fake news,,bluesky_real
at://did:plc:oy5kegwcqqdvywhefbiu4f2o/app.bsky.feed.post/3mkpe62vyu224,Fake News Trump says,netalexx.bsky.social,1,0,fake news,,bluesky_real
at://did:plc:vfwysbbdvnjjhvnuk637yvwi/app.bsky.feed.post/3mkpdw6aco22d,Fake news,desmondo.bsky.social,1,0,fake news,,bluesky_real
at://did:plc:7yaafwpefeqi3wp5g7uzhewc/app.bsky.feed.post/3mkpd6azcok27,"In this week's blog, @cjcarman.bsky.social discusses our data on Scottish voter awareness and concern surrounding the digital information environment 📱🗞️

Are Scots worried about fake news? Find out below on our well-trusted blog ⤵️

scottishelections.ac.uk/2026/04/30/f...",scotvoting.bsky.social,0,1,fake news,,bluesky_real
at://did:plc:oo43p7wmzao6agpchtu2pevx/app.bsky.feed.post/3mkpcvz66yk2p,"THIS IS THE PERFECT EXAMPLE OF A BRILLIANT PERSON WHO FOLLOWS THE FAKE NEWS CREATED BY COMMUNIST JOURNALISTS ON TV
&
THEY MAKE HIM DESTROY
 HIS LIFE!

TRUMP
DEEPLY INSIDE IS A CHRISTIAN
MAYBE HE GIVE TO YOU 
THE
US PRESIDENT FORGIVENESS!

IT'S WHAT 
JESUS & POPE JOHN PAUL II DID
#Cole #Thomas #Allen",avozdopovo519.bsky.social,0,0,fake news,,bluesky_real
at://did:plc:oo43p7wmzao6agpchtu2pevx/app.bsky.feed.post/3mkpcuwhg322p,"THIS IS THE PERFECT EXAMPLE OF A BRILLIANT PERSON WHO FOLLOWS THE FAKE NEWS CREATED BY COMMUNIST JOURNALISTS ON TV
&
THEY MAKE HIM DESTROY
 HIS LIFE!

TRUMP
DEEPLY INSIDE IS A CHRISTIAN
MAYBE HE GIVE TO YOU 
THE
US PRESIDENT FORGIVENESS!

IT'S WHAT 
JESUS & POPE JOHN PAUL II DID!

#ColeThomasAllen",avozdopovo519.bsky.social,0,0,fake news,,bluesky_real
at://did:plc:esstnvt3gvwqj3fowhqis42p/app.bsky.feed.post/3mkpclwik3s2q,"Ei gente, é fake news isso aqui ta, n vou fazer isso n, amo vcs bjos",eusougustavo.bsky.social,0,0,fake news,,bluesky_real
at://did:plc:32oe664t7sj4jfyau6g6jhyt/app.bsky.feed.post/3mkpc4gw4ek2e,fake NEWS,overfedfish.bsky.social,1,0,fake news,,bluesky_real
at://did:plc:7buim7a5nn6xmrfabo67yv3c/app.bsky.feed.post/3lyhruywzic24,"V. Igor en fuite, sa mère Nadejda en exil
1/2",obrother.eurosky.social,7,2,vaccin danger,,bluesky_real
at://did:plc:cwvrifwqjp6ar2aiiyburvnj/app.bsky.feed.post/3mkpbtsa76c2l,"Dishonest Donald, the King of Fake News, doing what he does best:  spreading lies and fake news.",weshlovrcm.bsky.social,0,0,fake news,,bluesky_real
at://did:plc:wrsf35zye5xmlfaje5zyyega/app.bsky.feed.post/3mkpataynny2b,"Fake insurance cards are spiking and drivers are paying the price – NBC 5 Dallas-Fort Worth

https://www.europesays.com/us/763305/

Some consumers, looking for the best car insurance deal, may find out the hard way that the discount…#us #news #usnews",us-news.bsky.social,0,0,fake news,,bluesky_real
at://did:plc:x6naty6dgddyjkfulyaikcby/app.bsky.feed.post/3mkpaiedr3c2m,Fake News!,burt000.bsky.social,1,0,fake news,,bluesky_real
at://did:plc:urjft52ld4uo77pzffdc2wyo/app.bsky.feed.post/3mkpadbzkac2b,"The Senate voted to invade Cuba? 

I hope this is fake news. 

If I were president, I would have used aid.",timetraveler.bsky.social,0,0,fake news,,bluesky_real
at://did:plc:3h2qkkjhjwaqnuuj4dtw6sem/app.bsky.feed.post/3mkp7dsh7sl22,"‼️🇺🇸🍊 - 30 avril/April 2026 - #TACO Mag TV -WH DC : 
La seule info à retenir ce jour / The one thing to remember today !
⚠️STOP PUBLISHING FAKE BULLSHIT FROM 
#TACO #KRASNOV #PROJECT25
#RUSSIAN_ASSET #DEMOCRACY_TRAITOR
#NOKING

 ✅JUST TRUE NEWS😎Like ⤵️
🔊On⤵️
Srce: Insta tom.adelsbach",sudetsoleil.eurosky.social,1,1,fake news,,bluesky_real
at://did:plc:aabnm2pswggzqyxf6lbf3bcg/app.bsky.feed.post/3mkp7c2ufi22t,"De là à penser que le détroit d'Ormuz pourrait changer de nom... C'est totalement invraisemblable mais ce genre de fakemap (assimilable à des ""fake news"") participe de la propagande de guerre sur les réseaux sociaux #fakemap 2/",mirbole01.bsky.social,2,0,fake news,,bluesky_real
at://did:plc:azqlovwjx47s6rdonua67j6z/app.bsky.feed.post/3mkp7akomks2d,Fake news,hedgy78.bsky.social,2,0,fake news,,bluesky_real
at://did:plc:se7sqhgg6jbshe6myfegowcm/app.bsky.feed.post/3mkplgmhmcs2k,"Das Problem was wir haben ist Rechtspopulismus:

Dieser hat hauptsächlich die Konservativen & Teile der SPD infiziert & arbeitet mit Desinformationen und Hetze (Ziel:Angst= hemmt logisches Denken, was Manipulation und Desinformation leichter macht).

So wird unser demokratischer Prozess vergiftet.",theandblock.bsky.social,2,0,désinformation,,bluesky_real
at://did:plc:3mvhk2lq3hjj7fd2j4rsj5gq/app.bsky.feed.post/3mkpjsoptcs2i,"...die eine bessere journalistische Arbeit machen/leisten, als die bei Springer angestellten Hetzer:innen, die Geld mit Hass, Hetze, Rassismus, Desinformation und Menschenfeindlichkeit verdienen, sollte seinen moralischen Kompass vlt mal neu ausrichten. Mit links hat das nichts zu tun.",paotao.bsky.social,0,0,désinformation,,bluesky_real
at://did:plc:3cy7k5lq7efkxrqkt6ovawsn/app.bsky.feed.post/3mkpjsdcyj22x,"Drei Tage für #HORIZONT @horizontoe.bsky.social im #EP @europarl.europa.eu in Straßburg liegen hinter mir - mit vielen Briefings, Interviews und Hintergrundgesprächen zu den Themen Desinformation, Social-Media-Altersgrenze und Medienbildung. Spannend - und intensiv. 🇪🇺",dkortschak.bsky.social,0,1,désinformation,,bluesky_real
at://did:plc:m2jqsozrza7gxjibtl6dpykz/app.bsky.feed.post/3mkpjheorn22v,"Demokratie ist kein Zustand, sondern aktives Tun. Beim Event „Doing Democracy“ an der Viadrina trafen sich Wissenschaft & Zivilgesellschaft aus 🇩🇪+🇵🇱, um über Desinformation, Beteiligung und Vertrauen zu diskutieren. Eine Erkenntnis: Es gibt keine einfachen Lösungen – aber viele gute Ansätze. 👇",viadrina.eu,0,0,désinformation,,bluesky_real
at://did:plc:b6cil6z64rsgtbrl6u2bx345/app.bsky.feed.post/3mkpi3kwvws2m,"Das Ziel von Desinformation ist oft gar nicht, dass du etwas glaubst. Sondern dass du nichts mehr glaubst. 

@kattascha.bsky.social  über die Mechanik strategischer Verunsicherung. Das ganze Interview gibt es auf www.youtube.com/@martinfehre...",martinfehrensen.eurosky.social,13,5,désinformation,,bluesky_real
at://did:plc:zrj3fnncvrlww7uzen4wd25b/app.bsky.feed.post/3mkpfno5bz22y,"Ce lobby EU Watch a l’air peu recommendable…
Le rapport n’est d’ailleurs repris que par les médias d’extrême droite de bolloré et le figaro qui continue de sombrer dans la désinformation..",blipblop107.bsky.social,1,0,désinformation,,bluesky_real
at://did:plc:h2nwjjelx7s42yk6zwnwrbed/app.bsky.feed.post/3mkpe2gnhac2m,"📢 𝗡𝗲𝘂𝗲𝘀 𝗣𝗿𝗼𝗷𝗲𝗸𝘁 𝘇𝘂 𝗣𝗼𝗱𝗰𝗮𝘀𝘁𝘀 𝗴𝗲𝘀𝘁𝗮𝗿𝘁𝗲𝘁! Das HBI-Projekt „𝗦𝘆𝘀𝘁𝗲𝗺𝗮𝘁𝗶𝘀𝗰𝗵𝗲 𝗢𝗯𝘀𝗲𝗿𝘃𝗮𝘁𝗶𝗼𝗻 𝘃𝗼𝗻 𝗻𝗲𝘂𝗲𝗻 𝗮𝘂𝗱𝗶𝘁𝗶𝘃𝗲𝗻 𝗥𝗶𝘀𝗶𝗸𝗲𝗻“ untersucht die Angebotsstruktur auditiver Online-Medien und entwickelt Verfahren, um Narrative von Desinformation sowie Manipulationsstrategien in Audioformaten zu erkennen.
👉 t1p.de/tvaoa",bredowinstitut.bsky.social,1,0,désinformation,,bluesky_real
at://did:plc:se7sqhgg6jbshe6myfegowcm/app.bsky.feed.post/3mkp7uq5fos2r,"Der internationale Konservatismus liegt seit Jahren im Sterben.

Nur das süße Gift des Rechtspopulismus hält sie aktuell noch am Leben.

Ohne die zugehörige Desinformation und emotionale Manipulation (Hetze, Angst) wären die längst geschrumpft.

1/2",theandblock.bsky.social,1,0,désinformation,,bluesky_real
at://did:plc:phw4mb2zzeyxzugwm3hdcjet/app.bsky.feed.post/3mkp7hc3sls2v,"Il y a encore de nombreux liens mais nous espérons que cet aperçu suffira à comprendre comment se diffuse la désinformation en santé et les idées d'extrême-droite, en particulier via l'homéopathie.
youtu.be/ocGUJxT2gbQ?...",santewatch.bsky.social,0,0,désinformation,,bluesky_real
at://did:plc:se7sqhgg6jbshe6myfegowcm/app.bsky.feed.post/3mkp77y4rn22w,"Für mich macht das weder die Intoleranz, die Abwertungen anderer noch die Desinformation besser.

Zumal das Profil unauthentisch wirkt und sich durch massive Abwertungen Linker auszeichnet. 

Jede*r entscheidet hier selbst für sich!  

Ich gebe Empfehlungen.",theandblock.bsky.social,0,0,désinformation,,bluesky_real
at://did:plc:tj4p3zb2pjaatdorxy7ng4el/app.bsky.feed.post/3mkp5newptc2s,"So viel Meinung zu verbreiten, ohne das Buch gelesen zu haben, ist schlicht Desinformation.",stillapossibility.bsky.social,0,0,désinformation,,bluesky_real
at://did:plc:imj6nuyb4cs4imhtbdkena2q/app.bsky.feed.post/3mkp4bt7wp223,"Langsam, sehr langsam bekommen wir alle mit, dass russische Desinformation ein Riesenproblem ist. Turns out: Die Chinesen sind auch nicht faul. rsf.org/en/chinese-p...",martinawinkle14.bsky.social,11,4,désinformation,,bluesky_real
at://did:plc:qt26smeslzpzkqo3a3s2sszo/app.bsky.feed.post/3mkp3sq7ux22x,"Die Welt ist kompliziert, aber die Anleitung zum Wahnsinn ist erstaunlich einfach.

In 8 Schritten von der Realität zur perfekten Echokammer. Eine Gebrauchsanweisung für alle, die lieber bestätigen als suchen.

#Medienkompetenz #Desinformation #AfD

361-grad.eu/2026/04/30/G...",361-grad.eu,1,1,désinformation,,bluesky_real
at://did:plc:loylxacudpelsni4un6c6dpm/app.bsky.feed.post/3mkp3hpftp22q,"Pourtant, malgré la quantité de désinformation incohérente et contradictoire, on trouve des gens qui croient le narratif Russe ! Alors il y a quantité de trolls, bien sûr...",stephan21.bsky.social,0,0,désinformation,,bluesky_real
at://did:plc:kvm2to6vilwb3vtjinopwm66/app.bsky.feed.post/3mkp2g5xbwc2d,"Wir haben ja nicht nur mangelnde Aufklärung, sondern auch gezielte Desinformation. Etwa die Lüge, in geringen Mengen könne Alkohol sogar gesund sein.",johann-v-d-bron.bsky.social,1,0,désinformation,,bluesky_real
at://did:plc:nw73mgrhvmqik2ihicu7yd5s/app.bsky.feed.post/3mkp2f4j6r22t,"Le ministère de l'Europe et des Affaires étrangères réunit la communauté de la #lutte contre les manipulations de l'information.

🗓️ 7 mai, 9h-13h
📍 La Gaîté Lyrique

La #désinformation constitue une dimension essentielle des nouvelles conflictualités. 

👉 www.inshs.cnrs.fr/fr/evenement...",cnrsshs.bsky.social,0,0,désinformation,,bluesky_real
at://did:plc:ujynivrtbpcaxlnmxa4r7e7o/app.bsky.feed.post/3mkoyw7kp6c2k,"Mistral, champion français de l’IA, est-il le roi de la désinformation ?

""Le chatbot de Mistral répète de fausses informations dans la moitié des cas"" 

www.liberation.fr/economie/eco...",cedricmetal.bsky.social,0,0,désinformation,,bluesky_real
at://did:plc:uo4didwt5qe4onrscbmqwvwm/app.bsky.feed.post/3mkoxwicmyo2u,"Mistral, champion français de l’IA, est-il le roi de la désinformation ?

Le chatbot de Mistral répète de fausses informations dans la moitié des cas où il est interrogé à leur sujet ",liberation.fr,28,18,désinformation,,bluesky_real
at://did:plc:l7e7yqnquijjuy4krbudoxm4/app.bsky.feed.post/3mkouzx4m6f2m,"12/20 

En période de crise majeure (pandémie, attentats), l'audiovisuel public joue un rôle de boussole. 

Il offre une information institutionnelle, vérifiée et calme, essentielle pour éviter la panique et contrer les campagnes de désinformation massive.

⤵️",libreavanttout.bsky.social,1,0,désinformation,,bluesky_real
at://did:plc:dw2vgidvm2fnh35qpgn5fwrq/app.bsky.feed.post/3mkouv4lg3c2t,"Kreml är desperata och tar till alla knep i sina försök till #påverkan och spridande av #desinformation - rent patetiskt. #ryssjävlar 

militarnyi.com/en/news/matr... #StandWithUkraine #ryssland #säkpol #föpol",s-n-a-f-u.bsky.social,0,0,désinformation,,bluesky_real
at://did:plc:l3kgutiw5pzhfrkls3txirlt/app.bsky.feed.post/3mkot3lpwzc2a,Seit wann ist RT keine Desinformation und somit keine Quelle.,heinzboskop.bsky.social,0,0,désinformation,,bluesky_real
at://did:plc:5rbncr3ktexa37drsgmbr6ly/app.bsky.feed.post/3mkohz6b4qc2q,"Un artiste français copie un animateur de CKOI

DESINFORMATION PROFESSIONELLE",ckoi.com,0,0,désinformation,,bluesky_real
at://did:plc:ejmygam5327vsk5sot3ug5dj/app.bsky.feed.post/3mkoesgbr7k2w,"Die Grünen ‌reagierten empört auf den Kabinettsbeschluss. »Diese Bundesregierung stiftet weiter ​Verwirrung hinsichtlich der 65-Prozent-Erneuerbaren-Regelung im ‌Gebäudeenergiegesetz«, sagte Vizefraktionschefin Julia Verlinden gegenüber Reuters. 

#Stroblclan #Desinformation #Kriminelle",hanfdampf.bsky.social,4,2,désinformation,,bluesky_real
at://did:plc:licjg6j44mwzdwwrbsqvuwnk/app.bsky.feed.post/3mkobvadqdc2o,"@mathieumolimard.bsky.social

Il en pense quoi le comité de lutte contre la désinformation ?",reverseyourmind.bsky.social,1,0,désinformation,,bluesky_real
at://did:plc:nyu5atwhevkymja4aam2fbyj/app.bsky.feed.post/3mko65ein422x,"Il n'y a pas ici d'erreur mais bien un choix : celui de défendre une désinformation en matière de santé et de soutenir les intérêts de charlatans dignes de Raoult au détriment des patients. 
8",themis2023.bsky.social,4,0,désinformation,,bluesky_real
at://did:plc:lxc5t6xc7uk4gnf4phz4yqwg/app.bsky.feed.post/3mko4pdq3t22w,"„Doku“ 🤡 

Steht das bei denen für „Desinformation ohne kritische Ueberpruefung“? 🤔",ozzeu.bsky.social,3,1,désinformation,,bluesky_real
at://did:plc:bborek56dnu5ggcxayyhomss/app.bsky.feed.post/3mknuf7yle72j,"Vaccination: La dose d’Africa CDC au Cameroun – Africa CDC

https://www.europesays.com/afrique/88983/

Entre amélioration de la logistique, formation des personnels logisticiens et lutte contre la désinformation, entre autres, le projet…",europe-afrique.bsky.social,0,0,désinformation,,bluesky_real
at://did:plc:aofab4f53tibpstbulmkifz5/app.bsky.feed.post/3mknrxguikd2w,"VERSCHWÖRUNGSIDEOLOGIEN

Nicht jede Verschwörungserzählung ist extremistisch – aber viele können anschlussfähig werden.

extremismus.info ordnet das Phänomen ein und zeigt Bezüge zu Radikalisierungsprozessen.

buff.ly/ldengSU

#Extremismus #Desinformation #Radikalisierung",scenor.at,0,0,désinformation,,bluesky_real
at://did:plc:lvbgsa5z6ua3oj5igjw6ne6c/app.bsky.feed.post/3mknqvw3jo72z,Mistral AI face à un sérieux problème de désinformation avec son chatbot grand public siecledigital.fr/2026/04/29/m...,siecledigital.bsky.social,0,0,désinformation,,bluesky_real
at://did:plc:kos622m5b6v5mb4jyfp2kdyc/app.bsky.feed.post/3mknovtlus22h,"#NAFO Artikel 5. Tankie detected. Russian Propaganda and Desinformation.
BRB.
@oxotniknacabak.bsky.social",karlmelnyk.bsky.social,1,2,désinformation,,bluesky_real
at://did:plc:ura726oigluzs2uo7tndj2t5/app.bsky.feed.post/3mknnom6mts2y,"Iran-Krieg, das ist die komplette Desinformation von allen Seiten. Was wirklich abgeht, weiß niemand. Weder die US-Soldaten vor Ort, noch das Pentagon und am allerwenigsten Donald J. Trump. Im Iran gibt es keine freie Presse und in den USA kommt die seriöse Presse kaum an belastbare Informationen...",quentinquarantino.bsky.social,2,0,désinformation,,bluesky_real
at://did:plc:xqs5mbhwcyfsy725snywinbg/app.bsky.feed.post/3mknnhw4awk2k,Ce n’est nullement de la désinformation mais une simple image d’illustration à destination du grand public afin de sensibiliser sur le sujet et aussi de susciter l’envie d’approfondir le problème sur des sites officiels!,stevert43.bsky.social,0,0,désinformation,,bluesky_real
at://did:plc:smyhe2r357nuibu4l3torooc/app.bsky.feed.post/3mknnelnhe22x,"Qiuelle surprise: l'afflux récent de faux comptes diffusant de la désinformation systématique sur les pompes à chaleur (et avec des accents antisémites, tant qu'à faire) est à mettre au passif d'un communicant lié à l'industrie du gaz

Bravo et merci à Cécile Marchand et @desmog.com pour l'enquête !",benjullien.bsky.social,0,1,désinformation,,bluesky_real
at://did:plc:7bdu6bx3a7czzwfpser6p3w7/app.bsky.feed.post/3mknl7ka6wc2h,"Journalismus auf Bunte- und Galaniveau.

Topmeldung bei Spiegel Online, während gleichzeitig die Welt an allen Enden brennt und auf eine Klimakatastrophe zusteuert, die politischen Eliten global Vermögen von unten nach oben umverteilen, allerorts Kriege ausbrechen und Desinformation betrieben wird.",lastdays.bsky.social,0,0,désinformation,,bluesky_real
at://did:plc:blrsshfgnvsn2aek4wgrdzjw/app.bsky.feed.post/3mknkus2ek22p,"C’est quoi les positions controversées de Rima Hassan ? La défense du peuple palestinien et de son droit à l’autodétermination, l’opposition au génocide perpétré par le gouvernement israélien ? C’est plus grave que le racisme et la désinformation du Figaro ?",bob-morane.bsky.social,3,1,désinformation,,bluesky_real
at://did:plc:73p2ez3guvhdsqp6g263jmww/app.bsky.feed.post/3mknj2hgqgk2a,Encore d’la désinformation/propagande anti gouvernement fédéral de la part du Hournal de Mourrial 🤡🤡🤡🤡🤡😒😒😒,ddum316.bsky.social,1,0,désinformation,,bluesky_real
at://did:plc:ftjjsy66g5znbi6lrpoldaw6/app.bsky.feed.post/3mknj2b3uak2d,Nahe der Grenze Desinformation größer? Das ist ein bizzarre Formation.,adaswelt.bsky.social,0,0,désinformation,,bluesky_real
at://did:plc:id64hi2q55ivt3akbtuaev7a/app.bsky.feed.post/3mknickuem227,"Russie 🇷🇺

On se moque parfois de la désinformation Russe : pas cohérente, mal faites, improbables etc... Mais l'objectif de Moscou n'est pas de convaincre, c'est de noyer les flux d'informations et d'amener à douter de tout ⤵️",cartesdumonde.bsky.social,180,80,désinformation,,bluesky_real
at://did:plc:oi5isqw4otxiyat3ht7srxxv/app.bsky.feed.post/3mknhe6x5622t,"@JanSudlarek: Friedrich Merz agiert als zentraler Akteur an der Kulturkampffront — von der Stadtbild-Debatte bis zur 80-Prozent-Syrer-Aussage. Polarisierung statt Politik, Desinformation statt Debatte. „Flood the zone with shit"" — das MAGA-Drehbuch ist in Berlin angekommen.
bit.ly/4n3w19I",digitalnaiv.bsky.social,0,0,désinformation,,bluesky_real
at://did:plc:y4madc5kv7litmpns4ooml3n/app.bsky.feed.post/3mknfdbl3x22e,"Pénible cette désinformation en effet 
reporterre.net/Les-pompes-a...",jerulem.bsky.social,0,0,désinformation,,bluesky_real
at://did:plc:ssik63o73vhowhr43zheihlr/app.bsky.feed.post/3mknegmfme22e,@institutpasteur.bsky.social vous en pensez quoi de cette désinformation ?,celinelesprit.bsky.social,3,1,désinformation,,bluesky_real
at://did:plc:kzmukwaf72iwepygposicgt3/app.bsky.feed.post/3mknenue44s2r,"Le chatbot de Mistral serait un « vecteur de propagande étrangère » relayant de fausses informations, relève un rapport

L’organisme Newsguard a publié un rapport ce mardi 28 avril mettant en évidence les fragilités du chatbot Le Chat de Mistral face à la désinformation d’État. Testée sur dix...",news-flows-fr.bsky.social,0,0,désinformation,,bluesky_real
at://did:plc:2ciwzimjw46kcmrydp22trum/app.bsky.feed.post/3mkncq4ux4k2k,@inserm.fr vous en pensez quoi de cette désinformation ?,popopaulinette.bsky.social,4,2,désinformation,,bluesky_real
at://did:plc:ppblad4zr4ogqkgdff7asa6l/app.bsky.feed.post/3mknb4jrx4z2x,"📢 L'UE sanctionne deux entités russes pour manipulation de l'information et désinformation
📝 ## 🏛️ Contexte

Le 21 avril 2026, le Conseil de l'Unio…
https://cyberveille.ch/posts/2026-04-29-l-ue-sanctionne-deux-entites-russes-pour-manipulation-de-l-information-et-desinformation/ #Euromore #Cyberveille",cyberveille-ch.bsky.social,0,0,désinformation,,bluesky_real
at://did:plc:se7sqhgg6jbshe6myfegowcm/app.bsky.feed.post/3mknavqdrbs2a,"#Blockempfehlung für  @trollfjell.bsky.social 

Da steht Mensch drüber, das Handle passt wohl besser.

Fäkalsprache, technologiefeindlich, Desinformation, hohes Sendungsbewusstsein, nicht authentisch.

➡️ Blockhütte",theandblock.bsky.social,36,10,désinformation,,bluesky_real
at://did:plc:p5sgug3k3jb2m67t2syakokr/app.bsky.feed.post/3mknajikso22j,"⚠️ Nouvelles preuves de la désinformation organisée en ligne pour freiner la transition énergétique 
www.politico.eu/article/un-r... 

Cécile Marchand et @alphoenix.bsky.social ont enquêté pour @politico.eu et @DeSmog sur une campagne coordonnée de désinformation contre les pompes à chaleur ⤵️",greenpeace.fr,17,10,désinformation,,bluesky_real
at://did:plc:bpsosbombacnrcar6yci72mr/app.bsky.feed.post/3mkna74y6sx2a,"c'est un jeu de pouvoir, où chacun accuse l'autre de désinformation pour justifier ses propres échecs",yurrpost.bsky.social,0,0,désinformation,,bluesky_real
at://did:plc:ttmh6jkou3r5qytm52b7fbf7/app.bsky.feed.post/3mkn7w2grzk2z,"La junte malienne et ses soutiens russes accusent régulièrement la France / La réponse de Paris est la France dément catégoriquement ces accusations, les qualifiant de désinformation visant à masquer l'échec sécuritaire de la stratégie pro-russe.",geopolitique.bsky.social,1,1,désinformation,,bluesky_real
at://did:plc:vevngu5t7a2zqvdftysxv26d/app.bsky.feed.post/3mkn7vkx2qk2h,Le Chat de Mistral AI est-il un vecteur de désinformation ? www.generation-nt.com/actualites/c...,ytroncal.bsky.social,0,0,désinformation,,bluesky_real
at://did:plc:6we7ain5a27muqwtz3eh2aue/app.bsky.feed.post/3mfonpcntwv2f,"Alors que la rougeole se propage, ces 9 maladies évitables par vaccin sont en danger.

Lisez en français simplifié

https://motsactu.com/news/rougeole-9-maladies-que-les-vaccins-peuvent-prevenir-pourraient-suivre/a1/

#MotsActu #ApprendreFrançais",motsactu.bsky.social,0,0,vaccin danger,,bluesky_real
at://did:plc:4odengpgr45hzxajdiszwude/app.bsky.feed.post/3mffdefeze22b,Je me dis que c'est quand même pas une mauvaise chose de voir les néo-nazis s'exprimer sans filtre. Ça rappelle aux gens qui ils sont et le danger qu'il représente. Un peu comme une dose de rappel de vaccin. Après j'ai aussi peur des effets secondaires.,gobe-l-un.bsky.social,2,0,vaccin danger,,bluesky_real
at://did:plc:hfh4wnia5jfypnvtjz3j6rkp/app.bsky.feed.post/3mfd2gxzenc2x,"Et tout ça,  c'est pissé dans un🎻!🙄😒😏 
Attention à  mimi chat loin du bric à brac (insalubre et danger sanitaire par ignorance et la pub commercial)...
Les gens achètent🥚plein air fr 1 ou zero qd label rouge ou bio les bêtes sont confinée depuis 2019...100aines.10⁶ d'abattage...le vaccin👎",7amalya.bsky.social,1,0,vaccin danger,,bluesky_real
at://did:plc:3mposgclw55w5dcifniiwwbp/app.bsky.feed.post/3meodebt5r62u,"STARTING IN NEARLY AN HOUR! You can still register! Join @healthjournalism.org at 1pm ET to hear abt the #Vaccine Injury Compensation Program—how it came abt, how it works, why it's in danger & what its collapse cld mean for the whole U.S. vaccine infrastructure 
healthjournalism.org/event/vaccin...",tarahaelle.bsky.social,1,1,vaccin danger,,bluesky_real
at://did:plc:3mposgclw55w5dcifniiwwbp/app.bsky.feed.post/3memebt55yk23,"Don't forget to register to join us tomorrow at 1pm ET re the #Vaccine Injury Compensation Program—how it came abt, how it works, why it's in danger & what its collapse cld mean for the whole U.S. vaccine infrastructure. @healthjournalism.org 

healthjournalism.org/event/vaccin...",tarahaelle.bsky.social,4,2,vaccin danger,,bluesky_real
at://did:plc:3tyfrcvz3epcwvtpuadn3iy7/app.bsky.feed.post/3mkpi4sfszk2x,"Todd Stoll ©
April 30th, 2026. 
Realme Q3 Pro 5G

#Photography
#ManualFocus
#ManualExposure",ctoddstoll.bsky.social,7,0,5G,,bluesky_real
at://did:plc:3sur65jk7flosjvu724yvqwd/app.bsky.feed.post/3md4nfu2xms2k,"💉 Guinée-Bissau : la politique anti-vaccins de l’administration Trump testée sur des nouveau-nés

Une étude commandée par les USA met en danger des milliers de nouveau-nés en Guinée-Bissau en retardant l’administration d’un vaccin recommandé par l’OMS.
www.revolutionpermanente.fr/Guinee-Bissa...",greubelinux.bsky.social,1,0,vaccin danger,,bluesky_real
at://did:plc:yhai2lodxljiaof5xww7hpkf/app.bsky.feed.post/3md3zevfq4q2b,"💉 Guinée-Bissau : la politique anti-vaccins de l’administration Trump testée sur des nouveau-nés

Une étude commandée par les USA met en danger des milliers de nouveau-nés en Guinée-Bissau en retardant l’administration d’un vaccin recommandé par l’OMS.",revolutionpermanente.fr,6,1,vaccin danger,,bluesky_real
at://did:plc:zcqt2mfl6elquzdsjjevtomo/app.bsky.feed.post/3mcclndqrgk2i,"Sur le plan de la personnalité, c'est assez cohérent que Kant ait été un antivax (déjà) fan de médecines naturelles et persuadé que ses migraines étaient causées par ""l'électricité atmosphérique"" (les électrosensibles précèdent de loin la 5G et le wifi).

Kant in seinen letzten Lebensjahren (1804)",laysfarra.bsky.social,11,4,vaccin danger,,bluesky_real
at://did:plc:tssatqqlvw2f2iksrha3ftr7/app.bsky.feed.post/3mcazj6uggk2t,"Sophia Aram, fachiste et islamophobe. 
Je l’ai entendue, comme de certains que la Terre est plate, ou que l’on capte la 5G avec un vaccin. Rendre la religion incritiquable, le danger est là. On a mis plus de mille ans à se débarrasser des curés (et encore).",daori.eurosky.social,0,0,vaccin danger,,bluesky_real
at://did:plc:2e2rljvu4l7ef5rvpbmsx2g5/app.bsky.feed.post/3m7iri435fs2v,"À la place j'ai bossé en temps plein pour un SMIC pendant la pandémie parce que le danger, c'était pas de mourir du vaccin les boomers, mais la précarité, ptdr.",sophiebarel.bsky.social,4,0,vaccin danger,,bluesky_real
at://did:plc:w54n3ggwlzlmnv326fbblkgm/app.bsky.feed.post/3m6w2ywrort2e,📌 Conclusion : Il n'y a aucune reconnaissance officielle de la FDA établissant la causalité du vaccin dans ces décès. L'affirmation exploite une fuite de document interne non vérifié pour créer une fausse impression de danger.,vlsdirect.bsky.social,0,0,vaccin danger,,bluesky_real
at://did:plc:dxdqy5jvog6h66jtr3cvgxaw/app.bsky.feed.post/3m5qh6wwars2t,"...Sa limite, c'était le rapport bénéfice risque. Et ses seules sources d'infos ne parlaient que du danger du vaccin. (elle regarde la télé).

C'est moi qui lui ai expliqué yavait des graves séquelles à choper le covid. En contre partie ya 0 étude qui montre que le vaccin est + dangereux qu'un autre",woxoja.bsky.social,2,0,vaccin danger,,bluesky_real
at://did:plc:gpbtyuhnhdfbmy2otoev623z/app.bsky.feed.post/3m5e42yce4k23,"Pas plus tard qu'hier quelqu'un disait que dans l'EHPAD d'un de ses proches ils pouvaient choisir entre l'homéopathie ou le vaccin. 
Ça concerne combien d'EHPAD ? Pourquoi personne ne fait rien ? Ma grand-mère est-elle en danger ?
Range cette vidéo de 6h sur l'homéopathie et enquête !",gastiflex.bsky.social,0,0,vaccin danger,,bluesky_real
at://did:plc:kcopfjm3os3irso22dlxxe3m/app.bsky.feed.post/3m577xus36s2j,"Refuser d'expliquer à des malades et des soignants que non vaccin égale mise en danger sous prétexte de respecter leur ""liberté individuelle"" et de ""ne pas juger"" c'est juste une position de merde.
Transpose ça au code de la route, pour rire.",taigasangare.eurosky.social,53,12,vaccin danger,,bluesky_real
at://did:plc:kcopfjm3os3irso22dlxxe3m/app.bsky.feed.post/3m577vu4rg22j,"VOTRE boulot de soignant ou de parti de gauche, en l'occurrence, c'est d'expliquer aux gens pq on doit se faire vacciner dans ce genre de situation à risque, et SI, ça fait partie de votre boulot de leur expliquer que non, sauf cas ponctuel que le MG saura identifier, c'est pas le vaccin le danger.",taigasangare.eurosky.social,55,8,vaccin danger,,bluesky_real
at://did:plc:ksdtu5abzmcw7unqed4kgkho/app.bsky.feed.post/3m572zzvhxc24,la position de LFI n'est pas justifiée par un soi-disant danger du vaccin mais par les modalités de cette obligation... On fait quoi des vieux qui refusent de se vacciner ? On les vire ? On les met où ?,pouillette.bsky.social,2,1,vaccin danger,,bluesky_real
at://did:plc:5ekaaudi6pc22b4axp54hqre/app.bsky.feed.post/3m4uzek4ylz2q,"Covid: Le vrai danger pour les enfants n’est pas le vaccin mais le virus

https://www.europesays.com/fr/513431/

Publié5. novembre 2025, 09:02 Covid: Le vrai danger pour les enfants n’est pas le vaccin mais le virus…#fr #france",fr-france.bsky.social,0,0,vaccin danger,,bluesky_real
at://did:plc:5ywfv3yqu2ytjgxuyjqadc65/app.bsky.feed.post/3m4datnv4422y,"Mise en danger de la vie d'autrui par omission vaccinale délibérée
#Santé #Vaccin #Vaccination #MiseEnDangerdelaViedAutrui #OmissionDélibérée 
www.legalnews.fr/droits-speci...",stephanie-baert.bsky.social,0,0,vaccin danger,,bluesky_real
at://did:plc:nyu5atwhevkymja4aam2fbyj/app.bsky.feed.post/3lzvlw6hsck2p,"On sait depuis 2020 que, vaccin ou pas (le risque de covid long et de séquelles demeure même si réduit par la vaccination), cette stratégie est un danger pour les personnes vulnérables exposées à la libre circulation virale tout en exposant l'ensemble de la population au risque de covid long.
16/",themis2023.bsky.social,13,1,vaccin danger,,bluesky_real
at://did:plc:wbym55ur4tiojazsctghx6lb/app.bsky.feed.post/3lzv6onvdgs26,"ils ne voient plus le danger des maladies qu'ils ne voient plus, donc ils sont condamnés à les revivre pour réapprendre ce qu'est un vaccin et son utilité. Il manque l'expérience et les leçons tirées.
Désolée pour le pavé, je ne sais pas si c'est plus clair comme ça.😅",mrgnb.bsky.social,0,0,vaccin danger,,bluesky_real
at://did:plc:lezgg4be7jec7ogdryj337w7/app.bsky.feed.post/3lzj3w5rd622h,"Mais comment il a raison le futur Nobel de médecine, j'ai fait le vaccin contre la grippe et j'ai quand même chopé un rhume et vas-y que je toussais. 
Donc, ouais, ça ne marche pas toujours. La preuve, j'ai tellement toussé que je me suis fracturée deux côtes ! Si ça c'est pas une preuve de danger !",valerietiyi.eurosky.social,1,0,vaccin danger,,bluesky_real
at://did:plc:dqzrp4h5t74jpxdtzxdxynf6/app.bsky.feed.post/3lzatrzuaik2z,"Ah, vous avez lu ça où vous ?

Vous avez du louper notre FAQ (sourcée) où on explique pourquoi le vaccin protège encore : 

Les vaccins actuellement disponibles ne suppriment pas totalement le danger, mais réduisent la transmission et les risques de formes graves, de décès et de covid long.",associationarra.bsky.social,1,0,vaccin danger,,bluesky_real
at://did:plc:ci5fucfrjpn5lf253gqfk4c7/app.bsky.feed.post/3lyhv4ty2nc2o,"L’Australie approuve un vaccin pour koalas contre la chlamydia, réduisant de 65 % la mortalité et le risque d’infection. Une étape majeure pour sauver cette espèce en danger. #Koalas #Chlamydia #Australie

www.france24.com/fr/info-en-c...",lola13c.bsky.social,3,1,vaccin danger,,bluesky_real
at://did:plc:rsmthdb6tqxyxvynkbidxvii/app.bsky.feed.post/3lxd3weinkk2h,"Ya un post ici qui m’a rappelé mes derniers mois sur Facebook, que j’ai la chance d’avoir pu quitter définitivement ya quelques années et je suis retombé sur mon dernier post. Ben figurez-vous que ça m’arrive pas souvent mais ça m’a rendu plutôt fier de moi.",louiscocobernie.bsky.social,0,0,vaccin danger,,bluesky_real
at://did:plc:7gr6wotsof7m53gcr2w3p5wv/app.bsky.feed.post/3lxczabkh2k27,Kennedy va refuser le traitement comme j’ai lu qu’il veut interdire la vente du vaccin covid dans 2-3 mois!  mRNA est un danger! Comme le Gardasil! Le Moyen-âge revient!,patrickkoppes.bsky.social,1,0,vaccin danger,,bluesky_real
at://did:plc:ibtvrisf7aewpsflwpoqy3mi/app.bsky.feed.post/3lxaulgnzjs2f,Il m'a bloqué mais pour pas que vous perdiez quoi que ce soit du spectacle j'ai ça,bruitetsilences.fr,32,5,vaccin danger,,bluesky_real
at://did:plc:abifeadbm53ycauduyvsyqxg/app.bsky.feed.post/3lspbi5qg6s2f,Tous les parents qui s'opposent aux vaccin devrait payer pour les soins administré à leurs enfants sauf s'il y a preuve de danger à les faire vacciner.,snoopylev.bsky.social,1,0,vaccin danger,,bluesky_real
at://did:plc:5ekaaudi6pc22b4axp54hqre/app.bsky.feed.post/3lsgdgaxjmc2b,"la vaccination des enfants faiblit dans le monde selon une étude, des millions de vies en danger

https://www.europesays.com/fr/202903/

La proportion d’enfants ayant reçu au moins une dose de vaccin contre la diphtérie, le tétanos, la coqueluche,…#fr #france",fr-france.bsky.social,0,0,vaccin danger,,bluesky_real
at://did:plc:kp2ouhsjdapbxoh2ahpnby2k/app.bsky.feed.post/3ls2itytnek2d,"[Traduit de l’anglais]

Les réductions du vaccin contre la COVID de l’UCP mettent les enfants en grave danger

Edmonton Journal
Le 16 juin 2025
Par Blake Murdoch

stillcoviding.ca/fr/nouvelles...

#Alberta #CdnPoli #COVID #vaccins #LaPandemieNEstPasFinie",stillcovidingca.bsky.social,5,2,vaccin danger,,bluesky_real
at://did:plc:d3upybsatse6mvitkgraq7sm/app.bsky.feed.post/3lqkq4e5ltc2s,"- 88% des parents d'enfants américains ont refusé le dernier vaccin anti-covid. La majorité est contre.

- On ne se fie pas aux sondages et aux opinions populaires pour ses conseils de santé. On se fie aux DONNÉES.

NB : pas merci les parents antivax. Vous mettez tout le monde en danger.",zentaktm.bsky.social,0,0,vaccin danger,,bluesky_real
at://did:plc:uwjkkiyam4tf2lgyxlq6ghg7/app.bsky.feed.post/3lq6bst3bas2u,"Je suis diabétique : je ne pense pas avoir peur des aiguilles...
Et ce n'est pas vrai. 
Je n'ai pas pu mettre la vie d'un autre en danger car l'efficacité du vaccin portait sur le développement de forme grave.
Le sujet est sérieux, il faudrait éviter de dire n'importe quoi.",tortuegenerale.bsky.social,0,0,vaccin danger,,bluesky_real
at://did:plc:d2zfodeog5xfvyhksifw6exv/app.bsky.feed.post/3lq6bizsuy222,"Si c'est un vaccin stricto sensu, tu racontes n'importe quoi.
Tu peux nier tout ce que tu veux, mais même dans les bureaux, les non vaccinés en contact avec les patients ou avec les soignants ont mis des vies en danger. Tout ça par peur de l'aiguille, vous êtes pitoyables et dangereux.",jean.pythons.fr,2,0,vaccin danger,,bluesky_real
at://did:plc:q2kn4ob6rrswfzbj6dcewv2e/app.bsky.feed.post/3ln4rhh7gls22,"Le médecin traitant de ma mère (80 ans, pbs cardiaques), antivax et pro-Raoult, lui déconseille de faire le vaccin contre le zona, désormais recommandé aux + de 65 ans (ce qu'elle lui a caché) car ""il y a autant de danger à le faire qu'à ne pas le faire""
Ca peut se dénoncer à l'Ordre des médecins ?",velosimone.bsky.social,1,1,vaccin danger,,bluesky_real
at://did:plc:apdrxo2audsqmqpmjn54g6x2/app.bsky.feed.post/3llnnvqrowk23,"➡️ Je le répète clairement pour tous :
Tout enfant doit être vacciné contre la méningite, avec les deux vaccins qui couvrent le plus de souches possibles.
Si vous ne le faites pas, vous mettez sciemment la vie de votre enfant en danger. 

❗ Seul le vaccin prévient la méningite ❗",toubib.bsky.social,83,23,vaccin danger,,bluesky_real
at://did:plc:lb7v3uq23wmm5spv2a27kehv/app.bsky.feed.post/3lle7bo3xsu2s,"Siège à Genève: L’Alliance du vaccin demande à Washington de maintenir son soutien

""Le retrait du soutien américain à la vaccination dans les pays en développement pourrait mettre en danger plus de 8 millions ...""

https://www.tdg.ch/lalliance-du-vaccin-demande-le-soutien-de-washington-609832572250",mediasch.bsky.social,0,0,vaccin danger,,bluesky_real
at://did:plc:lb7v3uq23wmm5spv2a27kehv/app.bsky.feed.post/3llealgd6hp2v,"Siège à Genève: L’Alliance du vaccin demande à Washington de maintenir son soutien

""Le retrait du soutien américain à la vaccination dans les pays en développement pourrait mettre en danger plus de 8 millions ...""

https://www.tdg.ch/lalliance-du-vaccin-demande-le-soutien-de-washington-609832572250",mediasch.bsky.social,0,0,vaccin danger,,bluesky_real
at://did:plc:46xcnmf444ublxjvgumsepbz/app.bsky.feed.post/3lk7k4z5gj22g,"Les antivax sont complètement bouché du cul et de la tête. 

Impossible de leur faire comprendre que les vaccin sont efficace.

Ils propagent encore en 2025 la propagande antivax que les vaccins causent l’autisme… TABARNAK 🤬

Ils sont un danger pour l’humain.",billiechipiemtl.bsky.social,4,0,vaccin danger,,bluesky_real
at://did:plc:eckc45u4bqmoy3ckkuwpcptb/app.bsky.feed.post/3ljklodzyes2t,"Dans l’absolue, on pourra quand même se faire vacciner même si on n’entre pas dans leur liste bien trop limitative, mais le danger pour nous est que :
- le vaccin ne soit pas remboursé
- la France n’en commande pas suffisamment",mistergrosbill.bsky.social,6,0,vaccin danger,,bluesky_real
at://did:plc:2kirgjr25iax2o3jyxz7yjob/app.bsky.feed.post/3lj62dmxuyc2h,Et maintenant c’est le vaccin contre la grippe qui est en danger…,gwenricordeau.bsky.social,6,1,vaccin danger,,bluesky_real
at://did:plc:t2m5onicwxhmcznnwxku7rtw/app.bsky.feed.post/3lj35z2klos2t,"Parce qu'une couverture vaccinale faible favorise la circulation du virus, ce qui augmente la probabilité d’épidémies et met en danger les enfants non vaccinés.
Complications : cécité, encéphalite, pneumonie et décès (tout ça ""naturellement"").

D'autant que le vaccin est sûr, efficace & peu coûteux.",astropierre.com,5,0,vaccin danger,,bluesky_real
at://did:plc:mgqpibsvpv6iayfq3ihhhw3u/app.bsky.feed.post/3liwn2lpebs23,"1970 excuse.
Mais dans le doute, un rappel du vaccin peut être donner sans danger. Je ne suis pas certaine qu'il soit gratuit par contre. 🧐",melan.bsky.social,0,0,vaccin danger,,bluesky_real
at://did:plc:6wwhpkkvea37slgxyfqf6qk4/app.bsky.feed.post/3lihimv55es2q,"En cas de projet de grossesse, vérifier la rubéole et la varicelle

Ensuite il y a des vaccinations indiquées pendant la grossesse, qui permettent d'avoir un taux d'anticorps suffisant transmis au nouveau-né pour le protéger pendant les 3 premiers mois de vie
Le refus du vaccin met en danger le bébé",mathieumolimard.bsky.social,0,0,vaccin danger,,bluesky_real
at://did:plc:i7r7a2ua6mhxiusi2urjci6z/app.bsky.feed.post/3lhvg7skjpk2k,J'ai lutté contre un médecin antivaxx dans mon secteur qui déconseillait le vaccin COVID. Qui a filé le traitement zinc à une collègue. Je n'étais pas en première ligne. Je n'ai rien perdu. Je n'étais pas en danger,tete53.bsky.social,5,0,vaccin danger,,bluesky_real
at://did:plc:4a6ltagkzik3u4x32bv2ni3i/app.bsky.feed.post/3lhoegzyqxc2r,"Encore et trjs l'argent, on aurait pu acheter 1 vaccin + protecteur et cela n'a pas été fait, donc non seulement on met en danger les + fragiles et par ailleurs on renforce les théories des antivax qui prétendent que les vaccins ne sont pas efficaces
ben ouais, si on t'injecte du jus de pomme hein",khoyoulaa.bsky.social,4,0,vaccin danger,,bluesky_real
at://did:plc:uo4didwt5qe4onrscbmqwvwm/app.bsky.feed.post/3lh7qht43zt2x,"🔎 Epidémie de grippe : l’exécutif a-t-il mis en danger la santé des Français pour une «simple» considération de prix ? A-t-il mis de côté un vaccin réputé plus efficace, car il le jugeait trop cher ?

Décryptage par CheckNews ⤵️",liberation.fr,46,16,vaccin danger,,bluesky_real
at://did:plc:7wxo6oiknhrh6xwmfs73mroq/app.bsky.feed.post/3lgyefz7xjk24,On peut prendre un vaccin faute de mieux tout en sachant qu'il est mal conçu.  Le vaccin Salk contre la Polio fut connu également pour son danger non-négligeable de paralyser comme la polio mais avant le Sabin et le Lépine c'était le seul.,judithmirville.bsky.social,0,0,vaccin danger,,bluesky_real
at://did:plc:m7xxzazidmxwcty3iqj3ib6m/app.bsky.feed.post/3lgdzg5xqf22q,"Baisse par rapport à “pendant” le COVID
Conscience du danger + confiance efficacité vaccin
Conscience du danger -> vaccination décolle
Pas d’immunité collective, protéger les personnes à risque",pandaninjamurai.bsky.social,0,0,vaccin danger,,bluesky_real
at://did:plc:ukq7gndxnzyhm7oyvy2p4q4o/app.bsky.feed.post/3mkpm37fakc2h,"Smartphone Motorola Edge 60 5G - 512GB 24GB (12GB RAM+12GB Ram Boost) Tela Quad-Curve moto AI 50MP Sony Camera ultrarresistencia militar IP68 + IP69 - Azul Marinho #Publi

🔥 R$ 1.999,00 À vista

🛒Compre aqui: 
rstyle.me/+XDf8xT_XaCY...

Oferta por tempo limitado!",queropromocoes.bsky.social,0,0,5G,,bluesky_real
at://did:plc:k3ixd4ffl3liidpx6cc7jwgb/app.bsky.feed.post/3mkpm2xdhjk2o,"INGREDIENTS: WATER (35L), CARBON (20kg), AMMONIA (4L), LIME (1.5kg), PHOSPHOROUS (800g), SALT (250g), SALTPETER (100g), SULPHUR (80g), FLOURINE (7.5g), IRON (5g), SILICON (3g), and trace amounts of fifteen other elements",arcane-ardor.bsky.social,0,0,5G,,bluesky_real
at://did:plc:4dltatq7ihso6qvyyodpacqb/app.bsky.feed.post/3mkpl3rqmbk2i,📱 #MovistarVE : La operadora renueva su energía con un 'apagón tecnológico' desde hoy #30Abril para lanzar la #App 8.0 (+5G) www.newstecnicas.info.ve/2026/04/movi...,newstecnicas.info.ve,0,0,5G,,bluesky_real
at://did:plc:6w7425hsc4mjjkte2mbsxdhw/app.bsky.feed.post/3mkpkuk5ueg2w,"Samsung Galaxy A57 5G Delivers Everyday Value with Smarter Performance and Long-Lasting Battery – Samsung Newsroom U.K.

https://www.newsbeep.com/uk/558633/

From dropped signals on busy commutes to the familiar anxiety of a battery slipping into the red, everyday…",uk-nb.bsky.social,0,0,5G,,bluesky_real
at://did:plc:3tyfrcvz3epcwvtpuadn3iy7/app.bsky.feed.post/3mkpk5mopl22t,"Double Exposure

Todd Stoll ©
April 30th, 2026
Realme Q3 Pro 5G

#Surrealism
#Photography
#DoubleExposure",ctoddstoll.bsky.social,3,0,5G,,bluesky_real
at://did:plc:hwi76gq7iyy6ns6te32iztxh/app.bsky.feed.post/3mkpjttzucc2o,"*Versão 512GB* 

 *Smartphone Motorola Edge 60 5G - 512GB 24GB (12GB RAM+12GB Ram Boost) Tela Quad-Curve moto AI 50MP Sony Camera ultrarresistencia militar IP68 + IP69* 

🔥 *R$1.999,00
 amzn.to/3Rc9w6g
⚫ OFERTAS DO DIA 
amzn.to/4vXq7L2
PARTICIPE DO NOSSO GRUPO VIP
linktr.ee/omelhornasua...",omelhornasuacasa.bsky.social,0,0,5G,,bluesky_real
at://did:plc:gxa77vzfyudpqn7rtgsr3dhd/app.bsky.feed.post/3mkpjqe62lk2m,"Hier:
40g Haferflocken und 5g Chiasamen. Darauf ein wenig Wasser, damit die leicht einweichen. Darauf 100g Beeren und 250 g Skyr / Quark / Joghurt oder im Mix. Etwas Süße und Zimt dazu und stehen lassen. Ist ne eher kompakte Masse",momakil.bsky.social,2,0,5G,,bluesky_real
at://did:plc:vjpcjndmzfp3mwiaps3i35of/app.bsky.feed.post/3mkpje366u22r,Silent 5G takedowns,chandlermurch.bsky.social,1,0,5G,,bluesky_real
at://did:plc:nhk57j4jjzjbothrcrgtwnku/app.bsky.feed.post/3mkpjcg3vka2a,"📸 El moto g47 llega a Latinoamérica con cámara Sony de 50 MP y 5G. ¿El nuevo rey de la gama media? 👀 

#Motorola #Tecnología",enterco.bsky.social,0,0,5G,,bluesky_real
at://did:plc:hmgr2cj7knks2btblucasugg/app.bsky.feed.post/3mkpj66kahk2p,"Vodafone hat es geschafft und ich mach winkewinke. Bin ja wirklich leidensfähig (wechselfaul), aber mittlerweile ist das Netz kaum noch zu gebrauchen.
Das 5G offenbar nicht auf deren Prioliste stand - geschenkt, dass man mittlerweile aber sehr oft nicht mal mehr telefonieren kann, ist zu wenig.",tuxbooster.bsky.social,3,0,5G,,bluesky_real
at://did:plc:zxbclrdegu36ivu6o2rjx52c/app.bsky.feed.post/3mkpiuw5bil2p,"realme 14T Smartphone 5g, 8+256GB,Batería 5130 mAh,Procesador Dimensity 6300,IP69, Cámara de 50MP,Pantalla AMOLED para Esports de 120 Hz,Verde Surf,Exclusivo de Amazon (Sin Adaptador)

📉 Baja de 299,99 a 121,32€

💶 Ahorro: 178,67€ (60%)

🔗 https://amzlink.to/az0npjcNnU6f5",lobocompras.bsky.social,0,0,5G,,bluesky_real
at://did:plc:rw565azgfo5psjbaxux6ryai/app.bsky.feed.post/3mkpinommr22v,BREAKING: Huawei has 5G patent license deal with Tesla — inadvertent disclosure by InterDigital counsel at UK Supreme Court hearing ipfray.com/breaking-hua...,ian.nock.co.uk,0,0,5G,,bluesky_real
at://did:plc:fqz767ikcbgk7yifapygtxeh/app.bsky.feed.post/3mkpifm7rak25,"Just an amazing admission here. 

www.ft.com/content/c9cd...",zhugeex.com,93,27,5G,,bluesky_real
at://did:plc:udyn2dmw2qgvjelxvh7zmti2/app.bsky.feed.post/3mkpieqb4au2p,"Samsung Galaxy A57 5G Delivers Everyday Value with Smarter Performance and Long-Lasting Battery – Samsung Newsroom U.K.

https://www.europesays.com/ie/461245/

From dropped signals on busy commutes to the familiar anxiety of a battery slipping into the red, everyday…",ie-news.bsky.social,1,0,5G,,bluesky_real
at://did:plc:3tyfrcvz3epcwvtpuadn3iy7/app.bsky.feed.post/3mkpi7vqcws2x,"Todd Stoll ©
April 30th, 2026. 
Realme Q3 Pro 5G

#Photography
#ManualFocus
#ManualExposure",ctoddstoll.bsky.social,7,1,5G,,bluesky_real
at://did:plc:3tyfrcvz3epcwvtpuadn3iy7/app.bsky.feed.post/3mkpi725nt22x,"Todd Stoll ©
April 30th, 2026. 
Realme Q3 Pro 5G

#Photography
#ManualFocus
#ManualExposure",ctoddstoll.bsky.social,5,0,5G,,bluesky_real
at://did:plc:3tyfrcvz3epcwvtpuadn3iy7/app.bsky.feed.post/3mkpi67wwxc2x,"Todd Stoll ©
April 30th, 2026. 
Realme Q3 Pro 5G

#Photography
#ManualFocus
#ManualExposure",ctoddstoll.bsky.social,6,0,5G,,bluesky_real
at://did:plc:3tyfrcvz3epcwvtpuadn3iy7/app.bsky.feed.post/3mkpi3fj6ek2x,"Todd Stoll ©
April 30th, 2026. 
Realme Q3 Pro 5G

#Photography
#ManualFocus
#ManualExposure",ctoddstoll.bsky.social,7,0,5G,,bluesky_real
at://did:plc:3tyfrcvz3epcwvtpuadn3iy7/app.bsky.feed.post/3mkpi2g323c2x,"Todd Stoll ©
April 30th, 2026. 
Realme Q3 Pro 5G

#Photography
#ManualFocus
#ManualExposure",ctoddstoll.bsky.social,4,0,5G,,bluesky_real
at://did:plc:f62dpqd2f6si2oyrbhqsbl73/app.bsky.feed.post/3mkphzb2kr22n,OPPO A6s 5G #oppoa6s5g #truedtac #androidphone #phone,smartosthailand.bsky.social,1,0,5G,,bluesky_real
at://did:plc:2cwttecabqaubcbtidsxmz6o/app.bsky.feed.post/3mkphyeaku22b,5g isn't nearly as good. Doesn't open up that many options compared to previously. Silent takedowns will carry you into the endgame.,frish.bsky.social,1,0,5G,,bluesky_real
at://did:plc:ih5tbfhro4yfg43j2jniyo4q/app.bsky.feed.post/3mkphebf7nk2y,"So im in pure pain right now i got my flu jab in 1 arm and because im super skinny the nurse did my Covid jab in my other arm now i have noodle arms....

But Hey at least i can now use 5G!!!!",anxiousechidna.bsky.social,1,0,5G,,bluesky_real
at://did:plc:dbaubuwpptj4voq7bb2kbvj3/app.bsky.feed.post/3mkph7dlsls2q,Ta difícil corregir a gente que cree que los sea monkeys en el agua y el 5G convierten  a los nenes en geis cuando el acceso a la información últimamente es esto:,sebharias.bsky.social,20,3,5G,,bluesky_real
at://did:plc:vkugtro7rzphwot6gv6agayt/app.bsky.feed.post/3mkpgqq4yxc2z,"I'm impressed, last I looked I couldn't even find somewhere willing to let me pay for it 

anyway gotta have that 5g, I'm crap at stealth",korl.is,2,0,5G,,bluesky_real
at://did:plc:syjx4yg6eyqcv6ahy7eko3zr/app.bsky.feed.post/3mkpgghvybk2r,"just had my 10th covid jab so by videogame metrics that means i've moved up the skills tree

now to choose between silent takedowns or 5g reception",fenrisgames.com,78,0,5G,,bluesky_real
at://did:plc:kfcmqqdgk7rp7estu2tr57qs/app.bsky.feed.post/3mkpgamyo6b2w,"SmartViser is partnering with Invenio Techs!

We're proud to announce a strategic collaboration with Invenio Techs 

Read the full press release https://www.smartviser.com/post/smartviser-and-invenio-techs

 #PrivateNetworks #5G #TestAutomation #NetworkValidation  #SmartViser #InvenioTechs #OpenLab",smartviser.bsky.social,0,0,5G,,bluesky_real
at://did:plc:us7zi634koo3ykpf25woppyb/app.bsky.feed.post/3mkpfsoggt22j,"💡 #LeSaviezVous ? En anticipation des crises, les Stations base déployables du #RRF peuvent être mobilisées pour assurer des communications 4G/5G rapides, fiables et déployables partout, même en zone sinistrée.

acmoss.fr/les-stations...

#ACMOSS #Télécoms #Sécurité #Résilience",acmoss-fr.bsky.social,0,0,5G,,bluesky_real
at://did:plc:b4yzshpubvesgoz5p3gc3pn7/app.bsky.feed.post/3mkpeyuk3y62s,"Samsung Galaxy S26: Smartphone 5G, 6,3"", Capacidad 512 GB, Android. Morado amzn.to/4n3qn7x",promobloguiador.bsky.social,0,0,5G,,bluesky_real
at://did:plc:lo6db222wt6qeatkd4hyk565/app.bsky.feed.post/3mkpesfy76s2t,"The FCC's modernisation of satellite spectrum rules alters how GSO and NGSO systems interact, paving the way for a 700% increase in space-based broadband capacity. #fcc #telecoms #5g #edgecomputing #iot #satellites #connectivity #space #technology",gadgetry.bsky.social,0,0,5G,,bluesky_real
at://did:plc:lhqereh7akeifbqheye26xy5/app.bsky.feed.post/3mkpentn7ps2n,"Llega por fín el 📶 5G+ de 🟥 Vodafone

➡️ Murcia es la primera ciudad en activarlo

👇

bandaancha.eu/articulos/ll...",bandaancha.eu,1,1,5G,,bluesky_real
at://did:plc:bgvol3h4hwwxfvih63737vdz/app.bsky.feed.post/3mkpeconk422q,"Το Samsung Galaxy A37 5G απευθύνεται ξεκάθαρα σε εκείνον τον χρήστη που θέλει να μπει σε ένα κατάστημα, να αγοράσει μια επώνυμη συσκευή, να την ρυθμίσει σε πέντε λεπτά και να ξεχάσει την ύπαρξη της τεχνολογίας.

www.techgear.gr/samsung-gala...",techgeargr.bsky.social,0,0,5G,,bluesky_real
at://did:plc:xzhfegrp3go6nnjl3srrspq7/app.bsky.feed.post/3mkpec2f23o2w,Vodafone enciende el 5G SA en Murcia y evidencia el retraso frente a Orange y Movistar 👇 ,adslzone.bsky.social,0,0,5G,,bluesky_real
at://did:plc:etgxjk3v54m6lkhdzndpl6gg/app.bsky.feed.post/3mkpeagmhgz2m,"Satellite 5G for Strategic Sectors

#Telefónica and #Sateliot bridge #LEO #satellites and terrestrial #5G for #maritime and #defense coverage.

🔗 https://spacewatch.global/2026/04/sateliot-and-telefonica-join-forces-to-bring-satellite-5g-connectivity-to-strategic-sectors/

#SpaceWatchNews #IoT",spacewatch.bsky.social,0,0,5G,,bluesky_real
at://did:plc:jwdk5e6rj6hmkd2rmhkq4cnd/app.bsky.feed.post/3mkpdpdudgk2c,"broadband is down, i can't work on my dev vps over 5g rip rip rip",texoport.in,2,0,5G,,bluesky_real
at://did:plc:qy7cfkndxcbfhhsckpwtlwma/app.bsky.feed.post/3mkpawc52iz2d,"⚡ Siemens 5G altyapısı hız kesmeden ABD ve 7 yeni ülkeye yayılıyor! 🚀 Sektörün nabzını tutmak istiyorsan, haberin detayları Endüstri Vadisi | Forum’da seni bekliyor! 🔥 Hemen tıkla: link.endustrivadisi.com/RQ4oyk
#endüstrivadisi #industryvalley #automation #otomasyon #PLC #HMI #servo #inverter",endustrivadisi.bsky.social,0,0,5G,,bluesky_real
at://did:plc:uoshhpyjd42oki3lcmjnwems/app.bsky.feed.post/3mkpatfspps2u,"Ein neuer Deal bei #Freenet bietet unbegrenztes 5G-Datenvolumen im Vodafone-Netz. Der Tarif Unlimited Advanced kostet durch 76 Prozent Rabatt aktuell nur 14,99 Euro im Monat statt 54,99 Euro.",winfuture.de,0,0,5G,,bluesky_real
at://did:plc:rozkbqfjst4icfdbhnamvynl/app.bsky.feed.post/3mkpaqycf5s2p,"Motorola rinnova la fascia economica: Moto G37, G47 e G37 Power puntano su batteria e 5G news.fidelityhouse.eu/mobile/motor...",fabrizioferrara.bsky.social,0,0,5G,,bluesky_real
at://did:plc:oniwl5scm4wltaugf73272de/app.bsky.feed.post/3mkp7zqgtc22v,The real reason you want 10G home network: you can plug your astro-laptop with a 2.5/5G USB adapter and upload 1 TB raw capture within an hour. The transfer speed is limited by laptop's USB 3 port.,shipilev.bsky.social,1,0,5G,,bluesky_real
at://did:plc:bji25xybofnbras62kvekhb4/app.bsky.feed.post/3mkp7k6c2sc2e,"SÓ UM POCO DE MEMÓRIA INTERNA

Smartphone Xiaomi Poco X7 Pro 5G NFC Black (Preto) 12GB RAM 512GB ROM [2412DPC0AG]

POR R$ 2.294,99
Em até 12x R$ 199,61 sem juros

🎟️ Cupom: Resgate o cupom ""PODECOMPRAR"" 

Loja Oficial Amazon 
amzn.to/4t80WD5",achadditos.bsky.social,1,0,5G,,bluesky_real
at://did:plc:ubfdzwsnqhetexdiznfittgo/app.bsky.feed.post/3mkp7cucwvs2t,"Depuis hier, j'ai des soucis sur Discord PC. J'ai des images qui peinent à s'afficher, des vidéos quasi impossible à lire, voire même à télécharger, et divers autres petits trucs.
Aucun soucis avec ma 5G, mais je ne sais même pas si le problème vient de Discord ou de mon FAI.",balthy.bsky.social,1,0,5G,,bluesky_real
at://did:plc:3mbogy4uoesjvfivyoexsn2p/app.bsky.feed.post/3mkp6iytdtt24,EE 5G Plus launch boosts network speeds for areas covering 50 million people www.neowin.net/news/ee-5g-p...,kerryburn.bsky.social,0,0,5G,,bluesky_real
at://did:plc:uwnkgeukcodbl7wm2dpo5cyb/app.bsky.feed.post/3mkp6adiqwc2v,"O TGV ser coisa de novo rico é como achar que o 3G estava bom para conectar as pessoas e empresas ao mundo já no 5G.

Na verdade, Portugal precisa de tudo. Do TGV para grandes destinos e dos rápidos para os médios.",reneartois.bsky.social,1,0,5G,,bluesky_real
at://did:plc:xhrtfphu4gzqrztkpb3a63qf/app.bsky.feed.post/3mkp635ar5m27,"2026-04-30 16:02:44 - The Ministry of Industry and Information Technology publicly solicits opinions on the submission of 106 communications industry standards including the ""5G Mobile Communications Business User Licensing Technical Requirements"".",babygoldie.bsky.social,0,0,5G,,bluesky_real
at://did:plc:q56mf4bdkevxpkn7plw4bdoz/app.bsky.feed.post/3mkp47fzpt22e,holy chit,skylar.cc,1,0,5G,,bluesky_real
at://did:plc:445bq4qfdejpxnqzl2zytaaj/app.bsky.feed.post/3mkp3ozts2l2o,"Streetwave UK Study Compares Mobile Coverage Across 12 Scottish Councils - News By ISPreview.co.uk #4G #5G #MobileBroadband #Politics #Scotland #Statistics
https://www.ispreview.co.uk/index.php/2026/04/streetwave-uk-study-compares-mobile-coverage-across-12-scottish-councils.html",ispreview.bsky.social,0,0,5G,,bluesky_real
at://did:plc:p464uedvuxtzckhrm4pfwxa5/app.bsky.feed.post/3mkoznqksqa2h,"iQOO Z10 5G vs Vivo T4 5G: Best Smartphone Under Rs 25,000? Full Comparison for Smart Buyers

Introduction India’s mid-range smartphone market continues to heat up, and two new devices are attracting serious attention: the iQOO Z10 5G and the Vivo T4 5G. Both phones target users who want…",undercodenews.bsky.social,0,0,5G,,bluesky_real
at://did:plc:iu5pf7zzay7bizwh2pujrkkg/app.bsky.feed.post/3mkozjvcy7s2s,"Operator Watch Blog: Vodafone Approach to AI Driven Networks Built on APIs - www.operatorwatch.com/2026/04/voda...

#3G4G5G #OperatorWatch #5G #Vodafone #Automation #AutonomousNetworks #AIGovernance #AIagents #AgenticAI #NetworkExposure",3g4g.bsky.social,0,0,5G,,bluesky_real
at://did:plc:3wihxvo2yot7auufyic4uoxm/app.bsky.feed.post/3mkoz5uod362u,Xingqin Lin: A 3GPP Perspective on Spectrum Sharing for the 5G-to-6G Migration: From DSS to MRSS https://arxiv.org/abs/2604.26853 https://arxiv.org/pdf/2604.26853 https://arxiv.org/html/2604.26853,csni-b.bsky.social,0,0,5G,,bluesky_real
at://did:plc:3wihxvo2yot7auufyic4uoxm/app.bsky.feed.post/3mkoz5tn35q2q,"Jiao Chen, Jianhua Tang, Xiaotong Yang, Zuohong Lv: SWE-Bench 5G: Benchmarking AI Coding Agents on Telecom Network Engineering Tasks https://arxiv.org/abs/2604.26278 https://arxiv.org/pdf/2604.26278 https://arxiv.org/html/2604.26278",csni-b.bsky.social,1,0,5G,,bluesky_real
at://did:plc:mr3dckxoqyrwlc54yggm4gm4/app.bsky.feed.post/3mknvs6fzvk2d,"Pour l'extrême droite tout ce qui n'est pas elle, bien blanc et élite et qui gagne une élection ne peut la gagner que de façon déloyale et immorale (vol, triche, fraude, pègre, etc.).
(Notons qu'une partie de la droite y adhère aussi vu certaines sorties lors de la victoire Hollande)",crevekino.bsky.social,3,0,élection fraude,,bluesky_real
at://did:plc:ykiekvxpield37qrzsdsnjm4/app.bsky.feed.post/3mkkq25efdc2s,"Objectivement, dans le monde réel? Ça a l'air infernal.
Mais dans la fiction?? Pour du jdr?? Pour du Vampire??
Ça doit être extraordinaire.",shizumaru.bsky.social,8,0,élection fraude,,bluesky_real
at://did:plc:5ekaaudi6pc22b4axp54hqre/app.bsky.feed.post/3mk55vs4k6o2i,"Donald Trump : « Une élection truquée a eu lieu la nuit dernière »… Le président américain accuse encore ses opposants de fraude électorale

https://www.europesays.com/fr/886775/

l’essentiel Donald Trump a encore dénoncé une élection « truquée » après la défaite de son parti à un …#fr #france",fr-france.bsky.social,0,0,élection fraude,,bluesky_real
at://did:plc:kzmukwaf72iwepygposicgt3/app.bsky.feed.post/3mjrhs44v2k2v,"Présidentielle au Pérou : une perquisition menée dans un entrepôt stockant des bulletins de vote, après des accusations de fraude électorale

Les contestations de cette élection ont été relancées par la découverte jeudi de quatre boîtes contenant 1 200 bulletins de vote dans une benne à ordures...",news-flows-fr.bsky.social,0,0,élection fraude,,bluesky_real
at://did:plc:kzmukwaf72iwepygposicgt3/app.bsky.feed.post/3mjqvbx7rgk24,"Présidentielle au Pérou : après des accusations de fraude, perquisition dans un entrepôt stockant des bulletins de vote

Les contestations de cette élection ont été relancées par la découverte jeudi de quatre boîtes contenant 1 200 bulletins de vote dans une benne à ordures d'un district de Lima.
",news-flows-fr.bsky.social,1,1,élection fraude,,bluesky_real
at://did:plc:m6a3yhogcjfbeuzpo3ih47kd/app.bsky.feed.post/3mjdqqgxmeq2h,"Élection péruvienne: 63k votants bloqués; 15 bureaux fermés. Reouverture lundi pour achever le vote. Keiko Fujimori en tête selon les sondages, mais des doutes de fraude face à l’instabilité politique. et plus",newsfr.bsky.social,0,0,élection fraude,,bluesky_real
at://did:plc:kcopfjm3os3irso22dlxxe3m/app.bsky.feed.post/3mjd5s7lbjs2t,"Entre la fraude, la pression trumpiste, les manipulations russes et la façon dont il a infiltré l'appareil d'Etat, on se demandait s'il restait la moindre chance qu'il perde une élection, ça n'était plus censé être possible désormais, donc c'est déjà pas mal.",taigasangare.eurosky.social,9,0,élection fraude,,bluesky_real
at://did:plc:jxyntozrtriasztogj7egdtp/app.bsky.feed.post/3mjctczgq722d,"Yes, the Trump admin os watching this. That's because the election fraude manual used by Orban is the same that's being used by Trump.",hughtube.bsky.social,0,0,élection fraude,,bluesky_real
at://did:plc:jxyntozrtriasztogj7egdtp/app.bsky.feed.post/3mjct52p3s22d,"Orban and his kabinet are Russian puppets just Like Trump and his cronies. 

But Magyer is from the same group. It's like Vance, Kushner or Hegseth running against Trump. 

So we'll see. 

The most important thing is that the election fraude playbook used by Orban is the same as being used by Trump.",hughtube.bsky.social,2,0,élection fraude,,bluesky_real
at://did:plc:ztnladfufosj6skwzl2ddy6u/app.bsky.feed.post/3mj7hoqi5iu2r,My two cents; ik denk dat Orban fraude niet gaat schuwen om aan de macht te blijven en nerderlaag niet zal erkennen mocht hij verliezen; de situatie is explosiever dan men schetst @wilcoboom.bsky.social  @hanslaroes.bsky.social @kajakallas.bsky.social Most risky election in the EU yet #Hungary,aafkevanzwieten.eurosky.social,0,0,élection fraude,,bluesky_real
at://did:plc:xakwz4cc5pascp2rheftvass/app.bsky.feed.post/3miuzu3ob4s2m,"There is only one solution. Put Trump in prison. Indict him for war crimes, Jan.6, election fraude, child abuse, corruption. Life sentence.",xtien.bsky.social,6,2,élection fraude,,bluesky_real
at://did:plc:2pb2jeh7hhufrulk2qc2iuq5/app.bsky.feed.post/3mij2iekfb525,"Sujets des 30 dernières minutes 🧭:

1. Avril
2. LFI 🆕
3. Bonjour 🆕
4. Argent 🆕
5. Élection 🆕
6. Russes 🆕
7. Fraude 🆕
8. Bravo 🆕
9. Aide 🆕
10. Fou 🆕",trending-fr.bsky.social,0,0,élection fraude,,bluesky_real
at://did:plc:k2liw6xerpygozofuqzbh6np/app.bsky.feed.post/3mhiu45qvms2n,"j'ai d'abord cru à une tentative de fraude, mais finalement on n'en est pas très loin 

""Élection 22/03 
Rachida DATI souhaite vous adresser un SMS politique. 
Pour refuser, exercer vos droits, cliquez ici : mon-sms.com/STOP

STOP 36180""",literaturkram.bsky.social,1,1,élection fraude,,bluesky_real
at://did:plc:ly7uwjwlvogmwddnq5sfy25m/app.bsky.feed.post/3mgpnpkxzgk2l,"#TRUMP_USA 🔥🇺🇸🤮

𝗧𝗥𝗨𝗠𝗣'𝗦 𝗘𝗟𝗘𝗖𝗧𝗜𝗢𝗡 𝗥𝗜𝗚𝗚𝗜𝗡𝗚 𝗜𝗦 𝗚𝗘𝗧𝗧𝗜𝗡𝗚 𝗦𝗘𝗥𝗜𝗢𝗨𝗦‼️😱

𝗣𝘂𝘀𝗵𝗶𝗻𝗴 𝗵𝗶𝘀 “𝗦𝗔𝗩𝗘 𝗠𝗬 𝗔𝗦𝗦 #BILL”  𝗼𝗿 #SAVE_AMERICA_ACT‼️

𝗟𝗔 𝗙𝗥𝗔𝗨𝗗𝗘 É𝗟𝗘𝗖𝗧𝗢𝗥𝗔𝗟𝗘 𝗗𝗘 𝗧𝗥𝗨𝗠𝗣 𝗗𝗘𝗩𝗜𝗘𝗡𝗧 𝗗𝗘 𝗣𝗟𝗨𝗦 𝗘𝗡 𝗣𝗟𝗨𝗦 𝗚𝗥𝗔𝗩𝗘 ‼️😱

𝗜𝗟 𝗙𝗔𝗜𝗧 𝗣𝗥𝗘𝗦𝗦𝗜𝗢𝗡 𝗣𝗢𝗨𝗥 𝗦𝗢𝗡 𝗣𝗥𝗢𝗝𝗘𝗧 𝗗𝗘 𝗟𝗢𝗜  “𝗦𝗔𝗩𝗘 𝗠𝗬 𝗔𝗦𝗦 #BILL” 𝗼𝘂 « #SAVE_AMERICA_ACT »‼️

🌍 #GLOBAL_BOYCOTT_USA ❌🇺🇸💩",reevolution.bsky.social,1,0,élection fraude,,bluesky_real
at://did:plc:dztnobglcuywvvft7ldnyy6f/app.bsky.feed.post/3mghbwkns3s2i,"www.tiktok.com/t/ZP8XREwLq/... anymore proof of who’s destroying our country & why?
WHO: DJT HERITAGE MAGA-GOP & BILLIONAIRES NETANYAHU PUTIN

WHY: STAY OUT OF PRISON FOR CORRUPTION,TREASON,SEX CRIMES, ESPIONAGE, INSURRECTION ELECTION FRAUDE & TO GET RICHER

They all the guy who claims immunity.",semireflection.bsky.social,0,0,élection fraude,,bluesky_real
at://did:plc:n6ybmngmohwivlhrvtcnixow/app.bsky.feed.post/3mgbod2hfw22j,"Endgame is deflect from Epstein files , GOP election fraude and pushing up oil prices so russia has a longer runway before it gets fully defeated in its own failed invasion of Ukraine.",sig321.bsky.social,0,1,élection fraude,,bluesky_real
at://did:plc:lb7v3uq23wmm5spv2a27kehv/app.bsky.feed.post/3mfu2prxywa2y,"Election à Vernier: Le Tribunal fédéral admet le recours contre l’élection de l’exécutif

""Le jugement de la Chambre constitutionnelle est invalidé par le TF. La Cour de justice genevoise devra examin...""

https://www.tdg.ch/vernier-le-tribunal-federal-invalide-le-jugement-sur-la-fraude-401440466320",mediasch.bsky.social,0,0,élection fraude,,bluesky_real
at://did:plc:lb7v3uq23wmm5spv2a27kehv/app.bsky.feed.post/3mfud2djws62d,"Election à Vernier: Le Tribunal fédéral ordonne un réexamen de l’élection de l’Exécutif

""Le jugement de la Chambre constitutionnelle est invalidé par le TF. La Cour de justice genevoise devra examine...""

https://www.tdg.ch/vernier-le-tribunal-federal-invalide-le-jugement-sur-la-fraude-401440466320",mediasch.bsky.social,0,0,élection fraude,,bluesky_real
at://did:plc:lb7v3uq23wmm5spv2a27kehv/app.bsky.feed.post/3mfyk5aaa4r2m,"Fraude électorale: Le Tribunal fédéral s'immisce dans l'élection à Vernier et annule le jugement

""Le Tribunal fédéral annule un jugement lié à l’élection du Conseil administrat...""

https://www.blick.ch/fr/fr/suisse/romande/vernier-nouveau-rebondissement-dans-l-election-de-lexecutif-id21734016.html",mediasch.bsky.social,0,0,élection fraude,,bluesky_real
at://did:plc:lb7v3uq23wmm5spv2a27kehv/app.bsky.feed.post/3mfx366sung2d,"Fraude électorale: Le Tribunal fédéral s'immisce dans l'élection à Vernier et annule le jugement

""Le Tribunal fédéral annule un jugement lié à l’élection du Conseil administrat...""

https://www.blick.ch/fr/fr/suisse/romande/vernier-nouveau-rebondissement-dans-l-election-de-lexecutif-id21734016.html",mediasch.bsky.social,0,0,élection fraude,,bluesky_real
at://did:plc:lb7v3uq23wmm5spv2a27kehv/app.bsky.feed.post/3mfx7qgcvrv2m,"Fraude électorale: Le Tribunal fédéral s'immisce dans l'élection à Vernier et annule le jugement

""Le Tribunal fédéral annule un jugement lié à l’élection du Conseil administrat...""

https://www.blick.ch/fr/fr/suisse/romande/vernier-nouveau-rebondissement-dans-l-election-de-lexecutif-id21734016.html",mediasch.bsky.social,0,0,élection fraude,,bluesky_real
at://did:plc:lb7v3uq23wmm5spv2a27kehv/app.bsky.feed.post/3mfy5qlj5gz2h,"Fraude électorale: Le Tribunal fédéral s'immisce dans l'élection à Vernier et annule le jugement

""Le Tribunal fédéral annule un jugement lié à l’élection du Conseil administrat...""

https://www.blick.ch/fr/fr/suisse/romande/vernier-nouveau-rebondissement-dans-l-election-de-lexecutif-id21734016.html",mediasch.bsky.social,0,0,élection fraude,,bluesky_real
at://did:plc:lb7v3uq23wmm5spv2a27kehv/app.bsky.feed.post/3mfyigulrir2m,"Fraude électorale: Le Tribunal fédéral s'immisce dans l'élection à Vernier et annule le jugement

""Le Tribunal fédéral annule un jugement lié à l’élection du Conseil administrat...""

https://www.blick.ch/fr/fr/suisse/romande/vernier-nouveau-rebondissement-dans-l-election-de-lexecutif-id21734016.html",mediasch.bsky.social,0,0,élection fraude,,bluesky_real
at://did:plc:lb7v3uq23wmm5spv2a27kehv/app.bsky.feed.post/3mfyan54pax2c,"Fraude électorale: Le Tribunal fédéral s'immisce dans l'élection à Vernier et annule le jugement

""Le Tribunal fédéral annule un jugement lié à l’élection du Conseil administrat...""

https://www.blick.ch/fr/fr/suisse/romande/vernier-nouveau-rebondissement-dans-l-election-de-lexecutif-id21734016.html",mediasch.bsky.social,0,0,élection fraude,,bluesky_real
at://did:plc:lb7v3uq23wmm5spv2a27kehv/app.bsky.feed.post/3mfwwfqwwsh2m,"Fraude électorale: Le Tribunal fédéral s'immisce dans l'élection à Vernier et annule le jugement

""Le Tribunal fédéral annule un jugement lié à l’élection du Conseil administrat...""

https://www.blick.ch/fr/fr/suisse/romande/vernier-nouveau-rebondissement-dans-l-election-de-lexecutif-id21734016.html",mediasch.bsky.social,0,0,élection fraude,,bluesky_real
at://did:plc:lb7v3uq23wmm5spv2a27kehv/app.bsky.feed.post/3mfylqu36oj26,"Fraude électorale: Le Tribunal fédéral s'immisce dans l'élection à Vernier et annule le jugement

""Le Tribunal fédéral annule un jugement lié à l’élection du Conseil administrat...""

https://www.blick.ch/fr/fr/suisse/romande/vernier-nouveau-rebondissement-dans-l-election-de-lexecutif-id21734016.html",mediasch.bsky.social,0,0,élection fraude,,bluesky_real
at://did:plc:lb7v3uq23wmm5spv2a27kehv/app.bsky.feed.post/3mfxgld6fsh2f,"Fraude électorale: Le Tribunal fédéral s'immisce dans l'élection à Vernier et annule le jugement

""Le Tribunal fédéral annule un jugement lié à l’élection du Conseil administrat...""

https://www.blick.ch/fr/fr/suisse/romande/vernier-nouveau-rebondissement-dans-l-election-de-lexecutif-id21734016.html",mediasch.bsky.social,0,0,élection fraude,,bluesky_real
at://did:plc:lb7v3uq23wmm5spv2a27kehv/app.bsky.feed.post/3mfxniwqqvs2i,"Fraude électorale: Le Tribunal fédéral s'immisce dans l'élection à Vernier et annule le jugement

""Le Tribunal fédéral annule un jugement lié à l’élection du Conseil administrat...""

https://www.blick.ch/fr/fr/suisse/romande/vernier-nouveau-rebondissement-dans-l-election-de-lexecutif-id21734016.html",mediasch.bsky.social,0,0,élection fraude,,bluesky_real
at://did:plc:lb7v3uq23wmm5spv2a27kehv/app.bsky.feed.post/3mfx6cgnufi2u,"Fraude électorale: Le Tribunal fédéral s'immisce dans l'élection à Vernier et annule le jugement

""Le Tribunal fédéral annule un jugement lié à l’élection du Conseil administrat...""

https://www.blick.ch/fr/fr/suisse/romande/vernier-nouveau-rebondissement-dans-l-election-de-lexecutif-id21734016.html",mediasch.bsky.social,0,0,élection fraude,,bluesky_real
at://did:plc:lb7v3uq23wmm5spv2a27kehv/app.bsky.feed.post/3mfybtlqdqu2f,"Fraude électorale: Le Tribunal fédéral s'immisce dans l'élection à Vernier et annule le jugement

""Le Tribunal fédéral annule un jugement lié à l’élection du Conseil administrat...""

https://www.blick.ch/fr/fr/suisse/romande/vernier-nouveau-rebondissement-dans-l-election-de-lexecutif-id21734016.html",mediasch.bsky.social,0,0,élection fraude,,bluesky_real
at://did:plc:lb7v3uq23wmm5spv2a27kehv/app.bsky.feed.post/3mfxbqhd6hs2m,"Fraude électorale: Le Tribunal fédéral s'immisce dans l'élection à Vernier et annule le jugement

""Le Tribunal fédéral annule un jugement lié à l’élection du Conseil administrat...""

https://www.blick.ch/fr/fr/suisse/romande/vernier-nouveau-rebondissement-dans-l-election-de-lexecutif-id21734016.html",mediasch.bsky.social,0,0,élection fraude,,bluesky_real
at://did:plc:lb7v3uq23wmm5spv2a27kehv/app.bsky.feed.post/3mfxf2j3ehu2l,"Fraude électorale: Le Tribunal fédéral s'immisce dans l'élection à Vernier et annule le jugement

""Le Tribunal fédéral annule un jugement lié à l’élection du Conseil administrat...""

https://www.blick.ch/fr/fr/suisse/romande/vernier-nouveau-rebondissement-dans-l-election-de-lexecutif-id21734016.html",mediasch.bsky.social,0,0,élection fraude,,bluesky_real
at://did:plc:lb7v3uq23wmm5spv2a27kehv/app.bsky.feed.post/3mftlofqcue2q,"Fraude électorale: Le Tribunal fédéral s'immisce dans l'élection à Vernier et annule le jugement

""Le Tribunal fédéral annule un jugement lié à l’élection du Conseil administrat...""

https://www.blick.ch/fr/fr/suisse/romande/vernier-nouveau-rebondissement-dans-l-election-de-lexecutif-id21734016.html",mediasch.bsky.social,0,0,élection fraude,,bluesky_real
at://did:plc:lb7v3uq23wmm5spv2a27kehv/app.bsky.feed.post/3mfxdd7i2d42q,"Fraude électorale: Le Tribunal fédéral s'immisce dans l'élection à Vernier et annule le jugement

""Le Tribunal fédéral annule un jugement lié à l’élection du Conseil administrat...""

https://www.blick.ch/fr/fr/suisse/romande/vernier-nouveau-rebondissement-dans-l-election-de-lexecutif-id21734016.html",mediasch.bsky.social,0,0,élection fraude,,bluesky_real
at://did:plc:lb7v3uq23wmm5spv2a27kehv/app.bsky.feed.post/3mfwk6zh4qc2l,"Fraude électorale: Le Tribunal fédéral s'immisce dans l'élection à Vernier et annule le jugement

""Le Tribunal fédéral annule un jugement lié à l’élection du Conseil administrat...""

https://www.blick.ch/fr/fr/suisse/romande/vernier-nouveau-rebondissement-dans-l-election-de-lexecutif-id21734016.html",mediasch.bsky.social,0,0,élection fraude,,bluesky_real
at://did:plc:lb7v3uq23wmm5spv2a27kehv/app.bsky.feed.post/3mfwgyoilxi2i,"Fraude électorale: Le Tribunal fédéral s'immisce dans l'élection à Vernier et annule le jugement

""Le Tribunal fédéral annule un jugement lié à l’élection du Conseil administrat...""

https://www.blick.ch/fr/fr/suisse/romande/vernier-nouveau-rebondissement-dans-l-election-de-lexecutif-id21734016.html",mediasch.bsky.social,0,0,élection fraude,,bluesky_real
at://did:plc:lb7v3uq23wmm5spv2a27kehv/app.bsky.feed.post/3mfwshvlq3j2y,"Fraude électorale: Le Tribunal fédéral s'immisce dans l'élection à Vernier et annule le jugement

""Le Tribunal fédéral annule un jugement lié à l’élection du Conseil administrat...""

https://www.blick.ch/fr/fr/suisse/romande/vernier-nouveau-rebondissement-dans-l-election-de-lexecutif-id21734016.html",mediasch.bsky.social,0,0,élection fraude,,bluesky_real
at://did:plc:lb7v3uq23wmm5spv2a27kehv/app.bsky.feed.post/3mfxvuefjjv2q,"Fraude électorale: Le Tribunal fédéral s'immisce dans l'élection à Vernier et annule le jugement

""Le Tribunal fédéral annule un jugement lié à l’élection du Conseil administrat...""

https://www.blick.ch/fr/fr/suisse/romande/vernier-nouveau-rebondissement-dans-l-election-de-lexecutif-id21734016.html",mediasch.bsky.social,0,0,élection fraude,,bluesky_real
at://did:plc:lb7v3uq23wmm5spv2a27kehv/app.bsky.feed.post/3mfwlooabxq2d,"Fraude électorale: Le Tribunal fédéral s'immisce dans l'élection à Vernier et annule le jugement

""Le Tribunal fédéral annule un jugement lié à l’élection du Conseil administrat...""

https://www.blick.ch/fr/fr/suisse/romande/vernier-nouveau-rebondissement-dans-l-election-de-lexecutif-id21734016.html",mediasch.bsky.social,0,0,élection fraude,,bluesky_real
at://did:plc:lb7v3uq23wmm5spv2a27kehv/app.bsky.feed.post/3mfwqul5cwv2m,"Fraude électorale: Le Tribunal fédéral s'immisce dans l'élection à Vernier et annule le jugement

""Le Tribunal fédéral annule un jugement lié à l’élection du Conseil administrat...""

https://www.blick.ch/fr/fr/suisse/romande/vernier-nouveau-rebondissement-dans-l-election-de-lexecutif-id21734016.html",mediasch.bsky.social,0,0,élection fraude,,bluesky_real
at://did:plc:lb7v3uq23wmm5spv2a27kehv/app.bsky.feed.post/3mfx4p2r3pe2m,"Fraude électorale: Le Tribunal fédéral s'immisce dans l'élection à Vernier et annule le jugement

""Le Tribunal fédéral annule un jugement lié à l’élection du Conseil administrat...""

https://www.blick.ch/fr/fr/suisse/romande/vernier-nouveau-rebondissement-dans-l-election-de-lexecutif-id21734016.html",mediasch.bsky.social,0,0,élection fraude,,bluesky_real
at://did:plc:lb7v3uq23wmm5spv2a27kehv/app.bsky.feed.post/3mfwnsaiecc2i,"Fraude électorale: Le Tribunal fédéral s'immisce dans l'élection à Vernier et annule le jugement

""Le Tribunal fédéral annule un jugement lié à l’élection du Conseil administrat...""

https://www.blick.ch/fr/fr/suisse/romande/vernier-nouveau-rebondissement-dans-l-election-de-lexecutif-id21734016.html",mediasch.bsky.social,0,0,élection fraude,,bluesky_real
at://did:plc:lb7v3uq23wmm5spv2a27kehv/app.bsky.feed.post/3mfwxr4ck3q2q,"Fraude électorale: Le Tribunal fédéral s'immisce dans l'élection à Vernier et annule le jugement

""Le Tribunal fédéral annule un jugement lié à l’élection du Conseil administrat...""

https://www.blick.ch/fr/fr/suisse/romande/vernier-nouveau-rebondissement-dans-l-election-de-lexecutif-id21734016.html",mediasch.bsky.social,0,0,élection fraude,,bluesky_real
at://did:plc:lb7v3uq23wmm5spv2a27kehv/app.bsky.feed.post/3mfwyy7fldj26,"Fraude électorale: Le Tribunal fédéral s'immisce dans l'élection à Vernier et annule le jugement

""Le Tribunal fédéral annule un jugement lié à l’élection du Conseil administrat...""

https://www.blick.ch/fr/fr/suisse/romande/vernier-nouveau-rebondissement-dans-l-election-de-lexecutif-id21734016.html",mediasch.bsky.social,0,0,élection fraude,,bluesky_real
at://did:plc:lb7v3uq23wmm5spv2a27kehv/app.bsky.feed.post/3mfwiknvxoa2i,"Fraude électorale: Le Tribunal fédéral s'immisce dans l'élection à Vernier et annule le jugement

""Le Tribunal fédéral annule un jugement lié à l’élection du Conseil administrat...""

https://www.blick.ch/fr/fr/suisse/romande/vernier-nouveau-rebondissement-dans-l-election-de-lexecutif-id21734016.html",mediasch.bsky.social,0,0,élection fraude,,bluesky_real
at://did:plc:lb7v3uq23wmm5spv2a27kehv/app.bsky.feed.post/3mfy26hiwky2d,"Fraude électorale: Le Tribunal fédéral s'immisce dans l'élection à Vernier et annule le jugement

""Le Tribunal fédéral annule un jugement lié à l’élection du Conseil administrat...""

https://www.blick.ch/fr/fr/suisse/romande/vernier-nouveau-rebondissement-dans-l-election-de-lexecutif-id21734016.html",mediasch.bsky.social,0,0,élection fraude,,bluesky_real
at://did:plc:lb7v3uq23wmm5spv2a27kehv/app.bsky.feed.post/3mfyfa27xv72i,"Fraude électorale: Le Tribunal fédéral s'immisce dans l'élection à Vernier et annule le jugement

""Le Tribunal fédéral annule un jugement lié à l’élection du Conseil administrat...""

https://www.blick.ch/fr/fr/suisse/romande/vernier-nouveau-rebondissement-dans-l-election-de-lexecutif-id21734016.html",mediasch.bsky.social,0,0,élection fraude,,bluesky_real
at://did:plc:lb7v3uq23wmm5spv2a27kehv/app.bsky.feed.post/3mfwusptj6m2u,"Fraude électorale: Le Tribunal fédéral s'immisce dans l'élection à Vernier et annule le jugement

""Le Tribunal fédéral annule un jugement lié à l’élection du Conseil administrat...""

https://www.blick.ch/fr/fr/suisse/romande/vernier-nouveau-rebondissement-dans-l-election-de-lexecutif-id21734016.html",mediasch.bsky.social,0,0,élection fraude,,bluesky_real
at://did:plc:lb7v3uq23wmm5spv2a27kehv/app.bsky.feed.post/3mfyduy6dzd2d,"Fraude électorale: Le Tribunal fédéral s'immisce dans l'élection à Vernier et annule le jugement

""Le Tribunal fédéral annule un jugement lié à l’élection du Conseil administrat...""

https://www.blick.ch/fr/fr/suisse/romande/vernier-nouveau-rebondissement-dans-l-election-de-lexecutif-id21734016.html",mediasch.bsky.social,0,0,élection fraude,,bluesky_real
at://did:plc:lb7v3uq23wmm5spv2a27kehv/app.bsky.feed.post/3mfwpdr2mrk2r,"Fraude électorale: Le Tribunal fédéral s'immisce dans l'élection à Vernier et annule le jugement

""Le Tribunal fédéral annule un jugement lié à l’élection du Conseil administrat...""

https://www.blick.ch/fr/fr/suisse/romande/vernier-nouveau-rebondissement-dans-l-election-de-lexecutif-id21734016.html",mediasch.bsky.social,0,0,élection fraude,,bluesky_real
